2026-03-17 16:31:49,785 - TrainerLogger - INFO - Scanning for unique classes in JSON files...
2026-03-17 16:31:49,953 - TrainerLogger - INFO - Classes found (12): ['background', 'BS_CL_es', 'BS_CL_intermediate', 'Obstacle_CL_ground', 'Obstacle_CL_ground1', 'Obstacle_CL_rail', 'Obstacle_CL_road', 'Obstacle_CL_water', 'Other_CL_sky', 'Superstructure_CL_cons', 'Superstructure_CL_cons_under', 'Superstructure_CL_road']
2026-03-17 16:31:49,953 - TrainerLogger - INFO - Class mapping saved to D:\VSC_Progs\G_Intel_4\image_classification_project\artifacts\label_map.json
2026-03-17 16:31:50,074 - TrainerLogger - INFO - Building U-Net Semantic Segmentation model...
2026-03-17 16:31:50,262 - TrainerLogger - INFO - U-Net model compiled successfully.
2026-03-17 16:31:50,263 - TrainerLogger - INFO - Model: "model"
2026-03-17 16:31:50,263 - TrainerLogger - INFO - __________________________________________________________________________________________________
2026-03-17 16:31:50,263 - TrainerLogger - INFO -  Layer (type)                Output Shape                 Param #   Connected to                  
2026-03-17 16:31:50,264 - TrainerLogger - INFO - ==================================================================================================
2026-03-17 16:31:50,264 - TrainerLogger - INFO -  input_1 (InputLayer)        [(None, 224, 224, 3)]        0         []                            
2026-03-17 16:31:50,264 - TrainerLogger - INFO -                                                                                                   
2026-03-17 16:31:50,264 - TrainerLogger - INFO -  rescaling (Rescaling)       (None, 224, 224, 3)          0         ['input_1[0][0]']             
2026-03-17 16:31:50,264 - TrainerLogger - INFO -                                                                                                   
2026-03-17 16:31:50,264 - TrainerLogger - INFO -  conv2d (Conv2D)             (None, 224, 224, 32)         896       ['rescaling[0][0]']           
2026-03-17 16:31:50,264 - TrainerLogger - INFO -                                                                                                   
2026-03-17 16:31:50,264 - TrainerLogger - INFO -  conv2d_1 (Conv2D)           (None, 224, 224, 32)         9248      ['conv2d[0][0]']              
2026-03-17 16:31:50,264 - TrainerLogger - INFO -                                                                                                   
2026-03-17 16:31:50,264 - TrainerLogger - INFO -  max_pooling2d (MaxPooling2  (None, 112, 112, 32)         0         ['conv2d_1[0][0]']            
2026-03-17 16:31:50,264 - TrainerLogger - INFO -  D)                                                                                               
2026-03-17 16:31:50,265 - TrainerLogger - INFO -                                                                                                   
2026-03-17 16:31:50,265 - TrainerLogger - INFO -  conv2d_2 (Conv2D)           (None, 112, 112, 64)         18496     ['max_pooling2d[0][0]']       
2026-03-17 16:31:50,265 - TrainerLogger - INFO -                                                                                                   
2026-03-17 16:31:50,265 - TrainerLogger - INFO -  conv2d_3 (Conv2D)           (None, 112, 112, 64)         36928     ['conv2d_2[0][0]']            
2026-03-17 16:31:50,265 - TrainerLogger - INFO -                                                                                                   
2026-03-17 16:31:50,265 - TrainerLogger - INFO -  max_pooling2d_1 (MaxPoolin  (None, 56, 56, 64)           0         ['conv2d_3[0][0]']            
2026-03-17 16:31:50,265 - TrainerLogger - INFO -  g2D)                                                                                             
2026-03-17 16:31:50,265 - TrainerLogger - INFO -                                                                                                   
2026-03-17 16:31:50,265 - TrainerLogger - INFO -  conv2d_4 (Conv2D)           (None, 56, 56, 128)          73856     ['max_pooling2d_1[0][0]']     
2026-03-17 16:31:50,265 - TrainerLogger - INFO -                                                                                                   
2026-03-17 16:31:50,266 - TrainerLogger - INFO -  conv2d_5 (Conv2D)           (None, 56, 56, 128)          147584    ['conv2d_4[0][0]']            
2026-03-17 16:31:50,266 - TrainerLogger - INFO -                                                                                                   
2026-03-17 16:31:50,266 - TrainerLogger - INFO -  max_pooling2d_2 (MaxPoolin  (None, 28, 28, 128)          0         ['conv2d_5[0][0]']            
2026-03-17 16:31:50,266 - TrainerLogger - INFO -  g2D)                                                                                             
2026-03-17 16:31:50,266 - TrainerLogger - INFO -                                                                                                   
2026-03-17 16:31:50,266 - TrainerLogger - INFO -  conv2d_6 (Conv2D)           (None, 28, 28, 256)          295168    ['max_pooling2d_2[0][0]']     
2026-03-17 16:31:50,266 - TrainerLogger - INFO -                                                                                                   
2026-03-17 16:31:50,266 - TrainerLogger - INFO -  conv2d_7 (Conv2D)           (None, 28, 28, 256)          590080    ['conv2d_6[0][0]']            
2026-03-17 16:31:50,266 - TrainerLogger - INFO -                                                                                                   
2026-03-17 16:31:50,266 - TrainerLogger - INFO -  up_sampling2d (UpSampling2  (None, 56, 56, 256)          0         ['conv2d_7[0][0]']            
2026-03-17 16:31:50,267 - TrainerLogger - INFO -  D)                                                                                               
2026-03-17 16:31:50,267 - TrainerLogger - INFO -                                                                                                   
2026-03-17 16:31:50,267 - TrainerLogger - INFO -  concatenate (Concatenate)   (None, 56, 56, 384)          0         ['up_sampling2d[0][0]',       
2026-03-17 16:31:50,267 - TrainerLogger - INFO -                                                                      'conv2d_5[0][0]']            
2026-03-17 16:31:50,267 - TrainerLogger - INFO -                                                                                                   
2026-03-17 16:31:50,267 - TrainerLogger - INFO -  conv2d_8 (Conv2D)           (None, 56, 56, 128)          442496    ['concatenate[0][0]']         
2026-03-17 16:31:50,267 - TrainerLogger - INFO -                                                                                                   
2026-03-17 16:31:50,267 - TrainerLogger - INFO -  conv2d_9 (Conv2D)           (None, 56, 56, 128)          147584    ['conv2d_8[0][0]']            
2026-03-17 16:31:50,267 - TrainerLogger - INFO -                                                                                                   
2026-03-17 16:31:50,267 - TrainerLogger - INFO -  up_sampling2d_1 (UpSamplin  (None, 112, 112, 128)        0         ['conv2d_9[0][0]']            
2026-03-17 16:31:50,267 - TrainerLogger - INFO -  g2D)                                                                                             
2026-03-17 16:31:50,267 - TrainerLogger - INFO -                                                                                                   
2026-03-17 16:31:50,267 - TrainerLogger - INFO -  concatenate_1 (Concatenate  (None, 112, 112, 192)        0         ['up_sampling2d_1[0][0]',     
2026-03-17 16:31:50,267 - TrainerLogger - INFO -  )                                                                   'conv2d_3[0][0]']            
2026-03-17 16:31:50,267 - TrainerLogger - INFO -                                                                                                   
2026-03-17 16:31:50,267 - TrainerLogger - INFO -  conv2d_10 (Conv2D)          (None, 112, 112, 64)         110656    ['concatenate_1[0][0]']       
2026-03-17 16:31:50,267 - TrainerLogger - INFO -                                                                                                   
2026-03-17 16:31:50,268 - TrainerLogger - INFO -  conv2d_11 (Conv2D)          (None, 112, 112, 64)         36928     ['conv2d_10[0][0]']           
2026-03-17 16:31:50,268 - TrainerLogger - INFO -                                                                                                   
2026-03-17 16:31:50,268 - TrainerLogger - INFO -  up_sampling2d_2 (UpSamplin  (None, 224, 224, 64)         0         ['conv2d_11[0][0]']           
2026-03-17 16:31:50,268 - TrainerLogger - INFO -  g2D)                                                                                             
2026-03-17 16:31:50,268 - TrainerLogger - INFO -                                                                                                   
2026-03-17 16:31:50,268 - TrainerLogger - INFO -  concatenate_2 (Concatenate  (None, 224, 224, 96)         0         ['up_sampling2d_2[0][0]',     
2026-03-17 16:31:50,269 - TrainerLogger - INFO -  )                                                                   'conv2d_1[0][0]']            
2026-03-17 16:31:50,269 - TrainerLogger - INFO -                                                                                                   
2026-03-17 16:31:50,269 - TrainerLogger - INFO -  conv2d_12 (Conv2D)          (None, 224, 224, 32)         27680     ['concatenate_2[0][0]']       
2026-03-17 16:31:50,269 - TrainerLogger - INFO -                                                                                                   
2026-03-17 16:31:50,269 - TrainerLogger - INFO -  conv2d_13 (Conv2D)          (None, 224, 224, 32)         9248      ['conv2d_12[0][0]']           
2026-03-17 16:31:50,269 - TrainerLogger - INFO -                                                                                                   
2026-03-17 16:31:50,270 - TrainerLogger - INFO -  conv2d_14 (Conv2D)          (None, 224, 224, 12)         396       ['conv2d_13[0][0]']           
2026-03-17 16:31:50,270 - TrainerLogger - INFO -                                                                                                   
2026-03-17 16:31:50,270 - TrainerLogger - INFO - ==================================================================================================
2026-03-17 16:31:50,270 - TrainerLogger - INFO - Total params: 1947244 (7.43 MB)
2026-03-17 16:31:50,270 - TrainerLogger - INFO - Trainable params: 1947244 (7.43 MB)
2026-03-17 16:31:50,270 - TrainerLogger - INFO - Non-trainable params: 0 (0.00 Byte)
2026-03-17 16:31:50,270 - TrainerLogger - INFO - __________________________________________________________________________________________________
2026-03-17 16:31:50,270 - TrainerLogger - INFO - Starting U-Net training process...
2026-03-17 16:34:24,887 - TrainerLogger - INFO - Training completed. Final model saved to D:\VSC_Progs\G_Intel_4\image_classification_project\models\final_model.keras
2026-03-17 16:34:24,887 - TrainerLogger - INFO - Generating training history plots...
2026-03-17 16:34:25,221 - TrainerLogger - INFO - Evaluation complete.
2026-03-17 16:34:25,221 - TrainerLogger - INFO - Segmentation training finished successfully.
2026-03-17 16:51:50,733 - TrainerLogger - INFO - Scanning for unique classes in JSON files...
2026-03-17 16:51:50,917 - TrainerLogger - INFO - Classes found (12): ['background', 'BS_CL_es', 'BS_CL_intermediate', 'Obstacle_CL_ground', 'Obstacle_CL_ground1', 'Obstacle_CL_rail', 'Obstacle_CL_road', 'Obstacle_CL_water', 'Other_CL_sky', 'Superstructure_CL_cons', 'Superstructure_CL_cons_under', 'Superstructure_CL_road']
2026-03-17 16:51:50,918 - TrainerLogger - INFO - Class mapping saved to D:\VSC_Progs\G_Intel_4\image_classification_project\artifacts\label_map.json
2026-03-17 16:51:51,023 - TrainerLogger - INFO - Building U-Net Semantic Segmentation model...
2026-03-17 16:51:51,235 - TrainerLogger - INFO - U-Net model compiled successfully.
2026-03-17 16:51:51,236 - TrainerLogger - INFO - Model: "model"
2026-03-17 16:51:51,236 - TrainerLogger - INFO - __________________________________________________________________________________________________
2026-03-17 16:51:51,236 - TrainerLogger - INFO -  Layer (type)                Output Shape                 Param #   Connected to                  
2026-03-17 16:51:51,236 - TrainerLogger - INFO - ==================================================================================================
2026-03-17 16:51:51,236 - TrainerLogger - INFO -  input_1 (InputLayer)        [(None, 224, 224, 3)]        0         []                            
2026-03-17 16:51:51,236 - TrainerLogger - INFO -                                                                                                   
2026-03-17 16:51:51,236 - TrainerLogger - INFO -  rescaling (Rescaling)       (None, 224, 224, 3)          0         ['input_1[0][0]']             
2026-03-17 16:51:51,236 - TrainerLogger - INFO -                                                                                                   
2026-03-17 16:51:51,236 - TrainerLogger - INFO -  conv2d (Conv2D)             (None, 224, 224, 32)         896       ['rescaling[0][0]']           
2026-03-17 16:51:51,236 - TrainerLogger - INFO -                                                                                                   
2026-03-17 16:51:51,237 - TrainerLogger - INFO -  conv2d_1 (Conv2D)           (None, 224, 224, 32)         9248      ['conv2d[0][0]']              
2026-03-17 16:51:51,237 - TrainerLogger - INFO -                                                                                                   
2026-03-17 16:51:51,237 - TrainerLogger - INFO -  max_pooling2d (MaxPooling2  (None, 112, 112, 32)         0         ['conv2d_1[0][0]']            
2026-03-17 16:51:51,237 - TrainerLogger - INFO -  D)                                                                                               
2026-03-17 16:51:51,237 - TrainerLogger - INFO -                                                                                                   
2026-03-17 16:51:51,237 - TrainerLogger - INFO -  conv2d_2 (Conv2D)           (None, 112, 112, 64)         18496     ['max_pooling2d[0][0]']       
2026-03-17 16:51:51,237 - TrainerLogger - INFO -                                                                                                   
2026-03-17 16:51:51,237 - TrainerLogger - INFO -  conv2d_3 (Conv2D)           (None, 112, 112, 64)         36928     ['conv2d_2[0][0]']            
2026-03-17 16:51:51,238 - TrainerLogger - INFO -                                                                                                   
2026-03-17 16:51:51,238 - TrainerLogger - INFO -  max_pooling2d_1 (MaxPoolin  (None, 56, 56, 64)           0         ['conv2d_3[0][0]']            
2026-03-17 16:51:51,238 - TrainerLogger - INFO -  g2D)                                                                                             
2026-03-17 16:51:51,238 - TrainerLogger - INFO -                                                                                                   
2026-03-17 16:51:51,238 - TrainerLogger - INFO -  conv2d_4 (Conv2D)           (None, 56, 56, 128)          73856     ['max_pooling2d_1[0][0]']     
2026-03-17 16:51:51,238 - TrainerLogger - INFO -                                                                                                   
2026-03-17 16:51:51,238 - TrainerLogger - INFO -  conv2d_5 (Conv2D)           (None, 56, 56, 128)          147584    ['conv2d_4[0][0]']            
2026-03-17 16:51:51,238 - TrainerLogger - INFO -                                                                                                   
2026-03-17 16:51:51,238 - TrainerLogger - INFO -  max_pooling2d_2 (MaxPoolin  (None, 28, 28, 128)          0         ['conv2d_5[0][0]']            
2026-03-17 16:51:51,238 - TrainerLogger - INFO -  g2D)                                                                                             
2026-03-17 16:51:51,238 - TrainerLogger - INFO -                                                                                                   
2026-03-17 16:51:51,239 - TrainerLogger - INFO -  conv2d_6 (Conv2D)           (None, 28, 28, 256)          295168    ['max_pooling2d_2[0][0]']     
2026-03-17 16:51:51,239 - TrainerLogger - INFO -                                                                                                   
2026-03-17 16:51:51,239 - TrainerLogger - INFO -  conv2d_7 (Conv2D)           (None, 28, 28, 256)          590080    ['conv2d_6[0][0]']            
2026-03-17 16:51:51,239 - TrainerLogger - INFO -                                                                                                   
2026-03-17 16:51:51,239 - TrainerLogger - INFO -  up_sampling2d (UpSampling2  (None, 56, 56, 256)          0         ['conv2d_7[0][0]']            
2026-03-17 16:51:51,239 - TrainerLogger - INFO -  D)                                                                                               
2026-03-17 16:51:51,239 - TrainerLogger - INFO -                                                                                                   
2026-03-17 16:51:51,239 - TrainerLogger - INFO -  concatenate (Concatenate)   (None, 56, 56, 384)          0         ['up_sampling2d[0][0]',       
2026-03-17 16:51:51,239 - TrainerLogger - INFO -                                                                      'conv2d_5[0][0]']            
2026-03-17 16:51:51,239 - TrainerLogger - INFO -                                                                                                   
2026-03-17 16:51:51,239 - TrainerLogger - INFO -  conv2d_8 (Conv2D)           (None, 56, 56, 128)          442496    ['concatenate[0][0]']         
2026-03-17 16:51:51,240 - TrainerLogger - INFO -                                                                                                   
2026-03-17 16:51:51,240 - TrainerLogger - INFO -  conv2d_9 (Conv2D)           (None, 56, 56, 128)          147584    ['conv2d_8[0][0]']            
2026-03-17 16:51:51,240 - TrainerLogger - INFO -                                                                                                   
2026-03-17 16:51:51,240 - TrainerLogger - INFO -  up_sampling2d_1 (UpSamplin  (None, 112, 112, 128)        0         ['conv2d_9[0][0]']            
2026-03-17 16:51:51,240 - TrainerLogger - INFO -  g2D)                                                                                             
2026-03-17 16:51:51,240 - TrainerLogger - INFO -                                                                                                   
2026-03-17 16:51:51,240 - TrainerLogger - INFO -  concatenate_1 (Concatenate  (None, 112, 112, 192)        0         ['up_sampling2d_1[0][0]',     
2026-03-17 16:51:51,240 - TrainerLogger - INFO -  )                                                                   'conv2d_3[0][0]']            
2026-03-17 16:51:51,240 - TrainerLogger - INFO -                                                                                                   
2026-03-17 16:51:51,240 - TrainerLogger - INFO -  conv2d_10 (Conv2D)          (None, 112, 112, 64)         110656    ['concatenate_1[0][0]']       
2026-03-17 16:51:51,240 - TrainerLogger - INFO -                                                                                                   
2026-03-17 16:51:51,240 - TrainerLogger - INFO -  conv2d_11 (Conv2D)          (None, 112, 112, 64)         36928     ['conv2d_10[0][0]']           
2026-03-17 16:51:51,240 - TrainerLogger - INFO -                                                                                                   
2026-03-17 16:51:51,240 - TrainerLogger - INFO -  up_sampling2d_2 (UpSamplin  (None, 224, 224, 64)         0         ['conv2d_11[0][0]']           
2026-03-17 16:51:51,241 - TrainerLogger - INFO -  g2D)                                                                                             
2026-03-17 16:51:51,241 - TrainerLogger - INFO -                                                                                                   
2026-03-17 16:51:51,241 - TrainerLogger - INFO -  concatenate_2 (Concatenate  (None, 224, 224, 96)         0         ['up_sampling2d_2[0][0]',     
2026-03-17 16:51:51,241 - TrainerLogger - INFO -  )                                                                   'conv2d_1[0][0]']            
2026-03-17 16:51:51,241 - TrainerLogger - INFO -                                                                                                   
2026-03-17 16:51:51,241 - TrainerLogger - INFO -  conv2d_12 (Conv2D)          (None, 224, 224, 32)         27680     ['concatenate_2[0][0]']       
2026-03-17 16:51:51,241 - TrainerLogger - INFO -                                                                                                   
2026-03-17 16:51:51,241 - TrainerLogger - INFO -  conv2d_13 (Conv2D)          (None, 224, 224, 32)         9248      ['conv2d_12[0][0]']           
2026-03-17 16:51:51,241 - TrainerLogger - INFO -                                                                                                   
2026-03-17 16:51:51,241 - TrainerLogger - INFO -  conv2d_14 (Conv2D)          (None, 224, 224, 12)         396       ['conv2d_13[0][0]']           
2026-03-17 16:51:51,241 - TrainerLogger - INFO -                                                                                                   
2026-03-17 16:51:51,241 - TrainerLogger - INFO - ==================================================================================================
2026-03-17 16:51:51,242 - TrainerLogger - INFO - Total params: 1947244 (7.43 MB)
2026-03-17 16:51:51,242 - TrainerLogger - INFO - Trainable params: 1947244 (7.43 MB)
2026-03-17 16:51:51,242 - TrainerLogger - INFO - Non-trainable params: 0 (0.00 Byte)
2026-03-17 16:51:51,242 - TrainerLogger - INFO - __________________________________________________________________________________________________
2026-03-17 16:51:51,242 - TrainerLogger - INFO - Starting U-Net training process...
2026-03-17 16:55:50,927 - TrainerLogger - INFO - Training completed. Final model saved to D:\VSC_Progs\G_Intel_4\image_classification_project\models\final_model.keras
2026-03-17 16:55:50,928 - TrainerLogger - INFO - Generating training history plots...
2026-03-17 16:55:51,115 - TrainerLogger - INFO - Evaluation complete.
2026-03-17 16:55:51,115 - TrainerLogger - INFO - Segmentation training finished successfully.
2026-03-17 17:23:39,621 - TrainerLogger - INFO - Scanning for unique classes in JSON files...
2026-03-17 17:23:39,795 - TrainerLogger - INFO - Classes found (12): ['background', 'BS_CL_es', 'BS_CL_intermediate', 'Obstacle_CL_ground', 'Obstacle_CL_ground1', 'Obstacle_CL_rail', 'Obstacle_CL_road', 'Obstacle_CL_water', 'Other_CL_sky', 'Superstructure_CL_cons', 'Superstructure_CL_cons_under', 'Superstructure_CL_road']
2026-03-17 17:23:39,795 - TrainerLogger - INFO - Class mapping saved to D:\VSC_Progs\G_Intel_4\image_classification_project\artifacts\label_map.json
2026-03-17 17:23:39,907 - TrainerLogger - INFO - Building U-Net Semantic Segmentation model...
2026-03-17 17:23:40,108 - TrainerLogger - INFO - U-Net model compiled successfully.
2026-03-17 17:23:40,108 - TrainerLogger - INFO - Model: "model"
2026-03-17 17:23:40,108 - TrainerLogger - INFO - __________________________________________________________________________________________________
2026-03-17 17:23:40,108 - TrainerLogger - INFO -  Layer (type)                Output Shape                 Param #   Connected to                  
2026-03-17 17:23:40,108 - TrainerLogger - INFO - ==================================================================================================
2026-03-17 17:23:40,108 - TrainerLogger - INFO -  input_1 (InputLayer)        [(None, 512, 512, 3)]        0         []                            
2026-03-17 17:23:40,109 - TrainerLogger - INFO -                                                                                                   
2026-03-17 17:23:40,109 - TrainerLogger - INFO -  rescaling (Rescaling)       (None, 512, 512, 3)          0         ['input_1[0][0]']             
2026-03-17 17:23:40,109 - TrainerLogger - INFO -                                                                                                   
2026-03-17 17:23:40,109 - TrainerLogger - INFO -  conv2d (Conv2D)             (None, 512, 512, 32)         896       ['rescaling[0][0]']           
2026-03-17 17:23:40,109 - TrainerLogger - INFO -                                                                                                   
2026-03-17 17:23:40,109 - TrainerLogger - INFO -  conv2d_1 (Conv2D)           (None, 512, 512, 32)         9248      ['conv2d[0][0]']              
2026-03-17 17:23:40,109 - TrainerLogger - INFO -                                                                                                   
2026-03-17 17:23:40,109 - TrainerLogger - INFO -  max_pooling2d (MaxPooling2  (None, 256, 256, 32)         0         ['conv2d_1[0][0]']            
2026-03-17 17:23:40,109 - TrainerLogger - INFO -  D)                                                                                               
2026-03-17 17:23:40,110 - TrainerLogger - INFO -                                                                                                   
2026-03-17 17:23:40,110 - TrainerLogger - INFO -  conv2d_2 (Conv2D)           (None, 256, 256, 64)         18496     ['max_pooling2d[0][0]']       
2026-03-17 17:23:40,110 - TrainerLogger - INFO -                                                                                                   
2026-03-17 17:23:40,110 - TrainerLogger - INFO -  conv2d_3 (Conv2D)           (None, 256, 256, 64)         36928     ['conv2d_2[0][0]']            
2026-03-17 17:23:40,110 - TrainerLogger - INFO -                                                                                                   
2026-03-17 17:23:40,110 - TrainerLogger - INFO -  max_pooling2d_1 (MaxPoolin  (None, 128, 128, 64)         0         ['conv2d_3[0][0]']            
2026-03-17 17:23:40,110 - TrainerLogger - INFO -  g2D)                                                                                             
2026-03-17 17:23:40,110 - TrainerLogger - INFO -                                                                                                   
2026-03-17 17:23:40,110 - TrainerLogger - INFO -  conv2d_4 (Conv2D)           (None, 128, 128, 128)        73856     ['max_pooling2d_1[0][0]']     
2026-03-17 17:23:40,110 - TrainerLogger - INFO -                                                                                                   
2026-03-17 17:23:40,110 - TrainerLogger - INFO -  conv2d_5 (Conv2D)           (None, 128, 128, 128)        147584    ['conv2d_4[0][0]']            
2026-03-17 17:23:40,111 - TrainerLogger - INFO -                                                                                                   
2026-03-17 17:23:40,111 - TrainerLogger - INFO -  max_pooling2d_2 (MaxPoolin  (None, 64, 64, 128)          0         ['conv2d_5[0][0]']            
2026-03-17 17:23:40,111 - TrainerLogger - INFO -  g2D)                                                                                             
2026-03-17 17:23:40,111 - TrainerLogger - INFO -                                                                                                   
2026-03-17 17:23:40,111 - TrainerLogger - INFO -  conv2d_6 (Conv2D)           (None, 64, 64, 256)          295168    ['max_pooling2d_2[0][0]']     
2026-03-17 17:23:40,111 - TrainerLogger - INFO -                                                                                                   
2026-03-17 17:23:40,111 - TrainerLogger - INFO -  conv2d_7 (Conv2D)           (None, 64, 64, 256)          590080    ['conv2d_6[0][0]']            
2026-03-17 17:23:40,111 - TrainerLogger - INFO -                                                                                                   
2026-03-17 17:23:40,111 - TrainerLogger - INFO -  up_sampling2d (UpSampling2  (None, 128, 128, 256)        0         ['conv2d_7[0][0]']            
2026-03-17 17:23:40,111 - TrainerLogger - INFO -  D)                                                                                               
2026-03-17 17:23:40,111 - TrainerLogger - INFO -                                                                                                   
2026-03-17 17:23:40,112 - TrainerLogger - INFO -  concatenate (Concatenate)   (None, 128, 128, 384)        0         ['up_sampling2d[0][0]',       
2026-03-17 17:23:40,112 - TrainerLogger - INFO -                                                                      'conv2d_5[0][0]']            
2026-03-17 17:23:40,112 - TrainerLogger - INFO -                                                                                                   
2026-03-17 17:23:40,112 - TrainerLogger - INFO -  conv2d_8 (Conv2D)           (None, 128, 128, 128)        442496    ['concatenate[0][0]']         
2026-03-17 17:23:40,112 - TrainerLogger - INFO -                                                                                                   
2026-03-17 17:23:40,112 - TrainerLogger - INFO -  conv2d_9 (Conv2D)           (None, 128, 128, 128)        147584    ['conv2d_8[0][0]']            
2026-03-17 17:23:40,112 - TrainerLogger - INFO -                                                                                                   
2026-03-17 17:23:40,112 - TrainerLogger - INFO -  up_sampling2d_1 (UpSamplin  (None, 256, 256, 128)        0         ['conv2d_9[0][0]']            
2026-03-17 17:23:40,112 - TrainerLogger - INFO -  g2D)                                                                                             
2026-03-17 17:23:40,112 - TrainerLogger - INFO -                                                                                                   
2026-03-17 17:23:40,112 - TrainerLogger - INFO -  concatenate_1 (Concatenate  (None, 256, 256, 192)        0         ['up_sampling2d_1[0][0]',     
2026-03-17 17:23:40,112 - TrainerLogger - INFO -  )                                                                   'conv2d_3[0][0]']            
2026-03-17 17:23:40,113 - TrainerLogger - INFO -                                                                                                   
2026-03-17 17:23:40,113 - TrainerLogger - INFO -  conv2d_10 (Conv2D)          (None, 256, 256, 64)         110656    ['concatenate_1[0][0]']       
2026-03-17 17:23:40,113 - TrainerLogger - INFO -                                                                                                   
2026-03-17 17:23:40,113 - TrainerLogger - INFO -  conv2d_11 (Conv2D)          (None, 256, 256, 64)         36928     ['conv2d_10[0][0]']           
2026-03-17 17:23:40,113 - TrainerLogger - INFO -                                                                                                   
2026-03-17 17:23:40,113 - TrainerLogger - INFO -  up_sampling2d_2 (UpSamplin  (None, 512, 512, 64)         0         ['conv2d_11[0][0]']           
2026-03-17 17:23:40,113 - TrainerLogger - INFO -  g2D)                                                                                             
2026-03-17 17:23:40,113 - TrainerLogger - INFO -                                                                                                   
2026-03-17 17:23:40,113 - TrainerLogger - INFO -  concatenate_2 (Concatenate  (None, 512, 512, 96)         0         ['up_sampling2d_2[0][0]',     
2026-03-17 17:23:40,113 - TrainerLogger - INFO -  )                                                                   'conv2d_1[0][0]']            
2026-03-17 17:23:40,113 - TrainerLogger - INFO -                                                                                                   
2026-03-17 17:23:40,113 - TrainerLogger - INFO -  conv2d_12 (Conv2D)          (None, 512, 512, 32)         27680     ['concatenate_2[0][0]']       
2026-03-17 17:23:40,113 - TrainerLogger - INFO -                                                                                                   
2026-03-17 17:23:40,114 - TrainerLogger - INFO -  conv2d_13 (Conv2D)          (None, 512, 512, 32)         9248      ['conv2d_12[0][0]']           
2026-03-17 17:23:40,114 - TrainerLogger - INFO -                                                                                                   
2026-03-17 17:23:40,114 - TrainerLogger - INFO -  conv2d_14 (Conv2D)          (None, 512, 512, 12)         396       ['conv2d_13[0][0]']           
2026-03-17 17:23:40,114 - TrainerLogger - INFO -                                                                                                   
2026-03-17 17:23:40,114 - TrainerLogger - INFO - ==================================================================================================
2026-03-17 17:23:40,114 - TrainerLogger - INFO - Total params: 1947244 (7.43 MB)
2026-03-17 17:23:40,114 - TrainerLogger - INFO - Trainable params: 1947244 (7.43 MB)
2026-03-17 17:23:40,114 - TrainerLogger - INFO - Non-trainable params: 0 (0.00 Byte)
2026-03-17 17:23:40,114 - TrainerLogger - INFO - __________________________________________________________________________________________________
2026-03-17 17:23:40,115 - TrainerLogger - INFO - Starting U-Net training process...
2026-03-17 17:27:12,929 - TrainerLogger - INFO - Scanning for unique classes in JSON files...
2026-03-17 17:27:13,097 - TrainerLogger - INFO - Classes found (12): ['background', 'BS_CL_es', 'BS_CL_intermediate', 'Obstacle_CL_ground', 'Obstacle_CL_ground1', 'Obstacle_CL_rail', 'Obstacle_CL_road', 'Obstacle_CL_water', 'Other_CL_sky', 'Superstructure_CL_cons', 'Superstructure_CL_cons_under', 'Superstructure_CL_road']
2026-03-17 17:27:13,098 - TrainerLogger - INFO - Class mapping saved to D:\VSC_Progs\G_Intel_4\image_classification_project\artifacts\label_map.json
2026-03-17 17:27:13,200 - TrainerLogger - INFO - Building U-Net Semantic Segmentation model...
2026-03-17 17:27:13,389 - TrainerLogger - INFO - U-Net model compiled successfully.
2026-03-17 17:27:13,389 - TrainerLogger - INFO - Model: "model"
2026-03-17 17:27:13,389 - TrainerLogger - INFO - __________________________________________________________________________________________________
2026-03-17 17:27:13,390 - TrainerLogger - INFO -  Layer (type)                Output Shape                 Param #   Connected to                  
2026-03-17 17:27:13,390 - TrainerLogger - INFO - ==================================================================================================
2026-03-17 17:27:13,390 - TrainerLogger - INFO -  input_1 (InputLayer)        [(None, 512, 512, 3)]        0         []                            
2026-03-17 17:27:13,390 - TrainerLogger - INFO -                                                                                                   
2026-03-17 17:27:13,390 - TrainerLogger - INFO -  rescaling (Rescaling)       (None, 512, 512, 3)          0         ['input_1[0][0]']             
2026-03-17 17:27:13,391 - TrainerLogger - INFO -                                                                                                   
2026-03-17 17:27:13,391 - TrainerLogger - INFO -  conv2d (Conv2D)             (None, 512, 512, 32)         896       ['rescaling[0][0]']           
2026-03-17 17:27:13,391 - TrainerLogger - INFO -                                                                                                   
2026-03-17 17:27:13,391 - TrainerLogger - INFO -  conv2d_1 (Conv2D)           (None, 512, 512, 32)         9248      ['conv2d[0][0]']              
2026-03-17 17:27:13,391 - TrainerLogger - INFO -                                                                                                   
2026-03-17 17:27:13,391 - TrainerLogger - INFO -  max_pooling2d (MaxPooling2  (None, 256, 256, 32)         0         ['conv2d_1[0][0]']            
2026-03-17 17:27:13,391 - TrainerLogger - INFO -  D)                                                                                               
2026-03-17 17:27:13,391 - TrainerLogger - INFO -                                                                                                   
2026-03-17 17:27:13,391 - TrainerLogger - INFO -  conv2d_2 (Conv2D)           (None, 256, 256, 64)         18496     ['max_pooling2d[0][0]']       
2026-03-17 17:27:13,391 - TrainerLogger - INFO -                                                                                                   
2026-03-17 17:27:13,392 - TrainerLogger - INFO -  conv2d_3 (Conv2D)           (None, 256, 256, 64)         36928     ['conv2d_2[0][0]']            
2026-03-17 17:27:13,392 - TrainerLogger - INFO -                                                                                                   
2026-03-17 17:27:13,392 - TrainerLogger - INFO -  max_pooling2d_1 (MaxPoolin  (None, 128, 128, 64)         0         ['conv2d_3[0][0]']            
2026-03-17 17:27:13,392 - TrainerLogger - INFO -  g2D)                                                                                             
2026-03-17 17:27:13,392 - TrainerLogger - INFO -                                                                                                   
2026-03-17 17:27:13,392 - TrainerLogger - INFO -  conv2d_4 (Conv2D)           (None, 128, 128, 128)        73856     ['max_pooling2d_1[0][0]']     
2026-03-17 17:27:13,392 - TrainerLogger - INFO -                                                                                                   
2026-03-17 17:27:13,392 - TrainerLogger - INFO -  conv2d_5 (Conv2D)           (None, 128, 128, 128)        147584    ['conv2d_4[0][0]']            
2026-03-17 17:27:13,392 - TrainerLogger - INFO -                                                                                                   
2026-03-17 17:27:13,393 - TrainerLogger - INFO -  max_pooling2d_2 (MaxPoolin  (None, 64, 64, 128)          0         ['conv2d_5[0][0]']            
2026-03-17 17:27:13,393 - TrainerLogger - INFO -  g2D)                                                                                             
2026-03-17 17:27:13,393 - TrainerLogger - INFO -                                                                                                   
2026-03-17 17:27:13,393 - TrainerLogger - INFO -  conv2d_6 (Conv2D)           (None, 64, 64, 256)          295168    ['max_pooling2d_2[0][0]']     
2026-03-17 17:27:13,393 - TrainerLogger - INFO -                                                                                                   
2026-03-17 17:27:13,393 - TrainerLogger - INFO -  conv2d_7 (Conv2D)           (None, 64, 64, 256)          590080    ['conv2d_6[0][0]']            
2026-03-17 17:27:13,393 - TrainerLogger - INFO -                                                                                                   
2026-03-17 17:27:13,393 - TrainerLogger - INFO -  up_sampling2d (UpSampling2  (None, 128, 128, 256)        0         ['conv2d_7[0][0]']            
2026-03-17 17:27:13,393 - TrainerLogger - INFO -  D)                                                                                               
2026-03-17 17:27:13,393 - TrainerLogger - INFO -                                                                                                   
2026-03-17 17:27:13,393 - TrainerLogger - INFO -  concatenate (Concatenate)   (None, 128, 128, 384)        0         ['up_sampling2d[0][0]',       
2026-03-17 17:27:13,393 - TrainerLogger - INFO -                                                                      'conv2d_5[0][0]']            
2026-03-17 17:27:13,394 - TrainerLogger - INFO -                                                                                                   
2026-03-17 17:27:13,394 - TrainerLogger - INFO -  conv2d_8 (Conv2D)           (None, 128, 128, 128)        442496    ['concatenate[0][0]']         
2026-03-17 17:27:13,394 - TrainerLogger - INFO -                                                                                                   
2026-03-17 17:27:13,394 - TrainerLogger - INFO -  conv2d_9 (Conv2D)           (None, 128, 128, 128)        147584    ['conv2d_8[0][0]']            
2026-03-17 17:27:13,394 - TrainerLogger - INFO -                                                                                                   
2026-03-17 17:27:13,394 - TrainerLogger - INFO -  up_sampling2d_1 (UpSamplin  (None, 256, 256, 128)        0         ['conv2d_9[0][0]']            
2026-03-17 17:27:13,394 - TrainerLogger - INFO -  g2D)                                                                                             
2026-03-17 17:27:13,394 - TrainerLogger - INFO -                                                                                                   
2026-03-17 17:27:13,394 - TrainerLogger - INFO -  concatenate_1 (Concatenate  (None, 256, 256, 192)        0         ['up_sampling2d_1[0][0]',     
2026-03-17 17:27:13,394 - TrainerLogger - INFO -  )                                                                   'conv2d_3[0][0]']            
2026-03-17 17:27:13,394 - TrainerLogger - INFO -                                                                                                   
2026-03-17 17:27:13,395 - TrainerLogger - INFO -  conv2d_10 (Conv2D)          (None, 256, 256, 64)         110656    ['concatenate_1[0][0]']       
2026-03-17 17:27:13,395 - TrainerLogger - INFO -                                                                                                   
2026-03-17 17:27:13,395 - TrainerLogger - INFO -  conv2d_11 (Conv2D)          (None, 256, 256, 64)         36928     ['conv2d_10[0][0]']           
2026-03-17 17:27:13,395 - TrainerLogger - INFO -                                                                                                   
2026-03-17 17:27:13,395 - TrainerLogger - INFO -  up_sampling2d_2 (UpSamplin  (None, 512, 512, 64)         0         ['conv2d_11[0][0]']           
2026-03-17 17:27:13,395 - TrainerLogger - INFO -  g2D)                                                                                             
2026-03-17 17:27:13,395 - TrainerLogger - INFO -                                                                                                   
2026-03-17 17:27:13,395 - TrainerLogger - INFO -  concatenate_2 (Concatenate  (None, 512, 512, 96)         0         ['up_sampling2d_2[0][0]',     
2026-03-17 17:27:13,395 - TrainerLogger - INFO -  )                                                                   'conv2d_1[0][0]']            
2026-03-17 17:27:13,395 - TrainerLogger - INFO -                                                                                                   
2026-03-17 17:27:13,396 - TrainerLogger - INFO -  conv2d_12 (Conv2D)          (None, 512, 512, 32)         27680     ['concatenate_2[0][0]']       
2026-03-17 17:27:13,396 - TrainerLogger - INFO -                                                                                                   
2026-03-17 17:27:13,396 - TrainerLogger - INFO -  conv2d_13 (Conv2D)          (None, 512, 512, 32)         9248      ['conv2d_12[0][0]']           
2026-03-17 17:27:13,396 - TrainerLogger - INFO -                                                                                                   
2026-03-17 17:27:13,396 - TrainerLogger - INFO -  conv2d_14 (Conv2D)          (None, 512, 512, 12)         396       ['conv2d_13[0][0]']           
2026-03-17 17:27:13,396 - TrainerLogger - INFO -                                                                                                   
2026-03-17 17:27:13,396 - TrainerLogger - INFO - ==================================================================================================
2026-03-17 17:27:13,397 - TrainerLogger - INFO - Total params: 1947244 (7.43 MB)
2026-03-17 17:27:13,397 - TrainerLogger - INFO - Trainable params: 1947244 (7.43 MB)
2026-03-17 17:27:13,397 - TrainerLogger - INFO - Non-trainable params: 0 (0.00 Byte)
2026-03-17 17:27:13,397 - TrainerLogger - INFO - __________________________________________________________________________________________________
2026-03-17 17:27:13,397 - TrainerLogger - INFO - Starting U-Net training process...
2026-03-17 17:28:10,990 - TrainerLogger - INFO - Scanning for unique classes in JSON files...
2026-03-17 17:28:11,168 - TrainerLogger - INFO - Classes found (12): ['background', 'BS_CL_es', 'BS_CL_intermediate', 'Obstacle_CL_ground', 'Obstacle_CL_ground1', 'Obstacle_CL_rail', 'Obstacle_CL_road', 'Obstacle_CL_water', 'Other_CL_sky', 'Superstructure_CL_cons', 'Superstructure_CL_cons_under', 'Superstructure_CL_road']
2026-03-17 17:28:11,168 - TrainerLogger - INFO - Class mapping saved to D:\VSC_Progs\G_Intel_4\image_classification_project\artifacts\label_map.json
2026-03-17 17:28:11,278 - TrainerLogger - INFO - Building U-Net Semantic Segmentation model...
2026-03-17 17:28:11,472 - TrainerLogger - INFO - U-Net model compiled successfully.
2026-03-17 17:28:11,472 - TrainerLogger - INFO - Model: "model"
2026-03-17 17:28:11,473 - TrainerLogger - INFO - __________________________________________________________________________________________________
2026-03-17 17:28:11,473 - TrainerLogger - INFO -  Layer (type)                Output Shape                 Param #   Connected to                  
2026-03-17 17:28:11,473 - TrainerLogger - INFO - ==================================================================================================
2026-03-17 17:28:11,474 - TrainerLogger - INFO -  input_1 (InputLayer)        [(None, 512, 512, 3)]        0         []                            
2026-03-17 17:28:11,474 - TrainerLogger - INFO -                                                                                                   
2026-03-17 17:28:11,474 - TrainerLogger - INFO -  rescaling (Rescaling)       (None, 512, 512, 3)          0         ['input_1[0][0]']             
2026-03-17 17:28:11,474 - TrainerLogger - INFO -                                                                                                   
2026-03-17 17:28:11,474 - TrainerLogger - INFO -  conv2d (Conv2D)             (None, 512, 512, 32)         896       ['rescaling[0][0]']           
2026-03-17 17:28:11,475 - TrainerLogger - INFO -                                                                                                   
2026-03-17 17:28:11,475 - TrainerLogger - INFO -  conv2d_1 (Conv2D)           (None, 512, 512, 32)         9248      ['conv2d[0][0]']              
2026-03-17 17:28:11,475 - TrainerLogger - INFO -                                                                                                   
2026-03-17 17:28:11,475 - TrainerLogger - INFO -  max_pooling2d (MaxPooling2  (None, 256, 256, 32)         0         ['conv2d_1[0][0]']            
2026-03-17 17:28:11,475 - TrainerLogger - INFO -  D)                                                                                               
2026-03-17 17:28:11,475 - TrainerLogger - INFO -                                                                                                   
2026-03-17 17:28:11,475 - TrainerLogger - INFO -  conv2d_2 (Conv2D)           (None, 256, 256, 64)         18496     ['max_pooling2d[0][0]']       
2026-03-17 17:28:11,476 - TrainerLogger - INFO -                                                                                                   
2026-03-17 17:28:11,476 - TrainerLogger - INFO -  conv2d_3 (Conv2D)           (None, 256, 256, 64)         36928     ['conv2d_2[0][0]']            
2026-03-17 17:28:11,476 - TrainerLogger - INFO -                                                                                                   
2026-03-17 17:28:11,476 - TrainerLogger - INFO -  max_pooling2d_1 (MaxPoolin  (None, 128, 128, 64)         0         ['conv2d_3[0][0]']            
2026-03-17 17:28:11,476 - TrainerLogger - INFO -  g2D)                                                                                             
2026-03-17 17:28:11,476 - TrainerLogger - INFO -                                                                                                   
2026-03-17 17:28:11,476 - TrainerLogger - INFO -  conv2d_4 (Conv2D)           (None, 128, 128, 128)        73856     ['max_pooling2d_1[0][0]']     
2026-03-17 17:28:11,476 - TrainerLogger - INFO -                                                                                                   
2026-03-17 17:28:11,477 - TrainerLogger - INFO -  conv2d_5 (Conv2D)           (None, 128, 128, 128)        147584    ['conv2d_4[0][0]']            
2026-03-17 17:28:11,477 - TrainerLogger - INFO -                                                                                                   
2026-03-17 17:28:11,477 - TrainerLogger - INFO -  max_pooling2d_2 (MaxPoolin  (None, 64, 64, 128)          0         ['conv2d_5[0][0]']            
2026-03-17 17:28:11,477 - TrainerLogger - INFO -  g2D)                                                                                             
2026-03-17 17:28:11,477 - TrainerLogger - INFO -                                                                                                   
2026-03-17 17:28:11,477 - TrainerLogger - INFO -  conv2d_6 (Conv2D)           (None, 64, 64, 256)          295168    ['max_pooling2d_2[0][0]']     
2026-03-17 17:28:11,477 - TrainerLogger - INFO -                                                                                                   
2026-03-17 17:28:11,477 - TrainerLogger - INFO -  conv2d_7 (Conv2D)           (None, 64, 64, 256)          590080    ['conv2d_6[0][0]']            
2026-03-17 17:28:11,478 - TrainerLogger - INFO -                                                                                                   
2026-03-17 17:28:11,478 - TrainerLogger - INFO -  up_sampling2d (UpSampling2  (None, 128, 128, 256)        0         ['conv2d_7[0][0]']            
2026-03-17 17:28:11,478 - TrainerLogger - INFO -  D)                                                                                               
2026-03-17 17:28:11,478 - TrainerLogger - INFO -                                                                                                   
2026-03-17 17:28:11,478 - TrainerLogger - INFO -  concatenate (Concatenate)   (None, 128, 128, 384)        0         ['up_sampling2d[0][0]',       
2026-03-17 17:28:11,478 - TrainerLogger - INFO -                                                                      'conv2d_5[0][0]']            
2026-03-17 17:28:11,479 - TrainerLogger - INFO -                                                                                                   
2026-03-17 17:28:11,479 - TrainerLogger - INFO -  conv2d_8 (Conv2D)           (None, 128, 128, 128)        442496    ['concatenate[0][0]']         
2026-03-17 17:28:11,479 - TrainerLogger - INFO -                                                                                                   
2026-03-17 17:28:11,479 - TrainerLogger - INFO -  conv2d_9 (Conv2D)           (None, 128, 128, 128)        147584    ['conv2d_8[0][0]']            
2026-03-17 17:28:11,479 - TrainerLogger - INFO -                                                                                                   
2026-03-17 17:28:11,479 - TrainerLogger - INFO -  up_sampling2d_1 (UpSamplin  (None, 256, 256, 128)        0         ['conv2d_9[0][0]']            
2026-03-17 17:28:11,479 - TrainerLogger - INFO -  g2D)                                                                                             
2026-03-17 17:28:11,479 - TrainerLogger - INFO -                                                                                                   
2026-03-17 17:28:11,480 - TrainerLogger - INFO -  concatenate_1 (Concatenate  (None, 256, 256, 192)        0         ['up_sampling2d_1[0][0]',     
2026-03-17 17:28:11,480 - TrainerLogger - INFO -  )                                                                   'conv2d_3[0][0]']            
2026-03-17 17:28:11,480 - TrainerLogger - INFO -                                                                                                   
2026-03-17 17:28:11,480 - TrainerLogger - INFO -  conv2d_10 (Conv2D)          (None, 256, 256, 64)         110656    ['concatenate_1[0][0]']       
2026-03-17 17:28:11,480 - TrainerLogger - INFO -                                                                                                   
2026-03-17 17:28:11,480 - TrainerLogger - INFO -  conv2d_11 (Conv2D)          (None, 256, 256, 64)         36928     ['conv2d_10[0][0]']           
2026-03-17 17:28:11,480 - TrainerLogger - INFO -                                                                                                   
2026-03-17 17:28:11,481 - TrainerLogger - INFO -  up_sampling2d_2 (UpSamplin  (None, 512, 512, 64)         0         ['conv2d_11[0][0]']           
2026-03-17 17:28:11,481 - TrainerLogger - INFO -  g2D)                                                                                             
2026-03-17 17:28:11,481 - TrainerLogger - INFO -                                                                                                   
2026-03-17 17:28:11,481 - TrainerLogger - INFO -  concatenate_2 (Concatenate  (None, 512, 512, 96)         0         ['up_sampling2d_2[0][0]',     
2026-03-17 17:28:11,481 - TrainerLogger - INFO -  )                                                                   'conv2d_1[0][0]']            
2026-03-17 17:28:11,481 - TrainerLogger - INFO -                                                                                                   
2026-03-17 17:28:11,481 - TrainerLogger - INFO -  conv2d_12 (Conv2D)          (None, 512, 512, 32)         27680     ['concatenate_2[0][0]']       
2026-03-17 17:28:11,481 - TrainerLogger - INFO -                                                                                                   
2026-03-17 17:28:11,481 - TrainerLogger - INFO -  conv2d_13 (Conv2D)          (None, 512, 512, 32)         9248      ['conv2d_12[0][0]']           
2026-03-17 17:28:11,481 - TrainerLogger - INFO -                                                                                                   
2026-03-17 17:28:11,481 - TrainerLogger - INFO -  conv2d_14 (Conv2D)          (None, 512, 512, 12)         396       ['conv2d_13[0][0]']           
2026-03-17 17:28:11,481 - TrainerLogger - INFO -                                                                                                   
2026-03-17 17:28:11,481 - TrainerLogger - INFO - ==================================================================================================
2026-03-17 17:28:11,482 - TrainerLogger - INFO - Total params: 1947244 (7.43 MB)
2026-03-17 17:28:11,482 - TrainerLogger - INFO - Trainable params: 1947244 (7.43 MB)
2026-03-17 17:28:11,482 - TrainerLogger - INFO - Non-trainable params: 0 (0.00 Byte)
2026-03-17 17:28:11,482 - TrainerLogger - INFO - __________________________________________________________________________________________________
2026-03-17 17:28:11,482 - TrainerLogger - INFO - Starting U-Net training process...
2026-03-17 18:03:09,624 - TrainerLogger - INFO - Scanning for unique classes in JSON files...
2026-03-17 18:03:09,795 - TrainerLogger - INFO - Classes found (12): ['background', 'BS_CL_es', 'BS_CL_intermediate', 'Obstacle_CL_ground', 'Obstacle_CL_ground1', 'Obstacle_CL_rail', 'Obstacle_CL_road', 'Obstacle_CL_water', 'Other_CL_sky', 'Superstructure_CL_cons', 'Superstructure_CL_cons_under', 'Superstructure_CL_road']
2026-03-17 18:03:09,795 - TrainerLogger - INFO - Class mapping saved to D:\VSC_Progs\G_Intel_4\image_classification_project\artifacts\label_map.json
2026-03-17 18:03:09,898 - TrainerLogger - INFO - Building U-Net Semantic Segmentation model...
2026-03-17 18:03:10,087 - TrainerLogger - INFO - U-Net model compiled successfully.
2026-03-17 18:03:10,087 - TrainerLogger - INFO - Model: "model"
2026-03-17 18:03:10,087 - TrainerLogger - INFO - __________________________________________________________________________________________________
2026-03-17 18:03:10,088 - TrainerLogger - INFO -  Layer (type)                Output Shape                 Param #   Connected to                  
2026-03-17 18:03:10,088 - TrainerLogger - INFO - ==================================================================================================
2026-03-17 18:03:10,088 - TrainerLogger - INFO -  input_1 (InputLayer)        [(None, 512, 512, 3)]        0         []                            
2026-03-17 18:03:10,088 - TrainerLogger - INFO -                                                                                                   
2026-03-17 18:03:10,089 - TrainerLogger - INFO -  rescaling (Rescaling)       (None, 512, 512, 3)          0         ['input_1[0][0]']             
2026-03-17 18:03:10,089 - TrainerLogger - INFO -                                                                                                   
2026-03-17 18:03:10,089 - TrainerLogger - INFO -  conv2d (Conv2D)             (None, 512, 512, 32)         896       ['rescaling[0][0]']           
2026-03-17 18:03:10,089 - TrainerLogger - INFO -                                                                                                   
2026-03-17 18:03:10,089 - TrainerLogger - INFO -  conv2d_1 (Conv2D)           (None, 512, 512, 32)         9248      ['conv2d[0][0]']              
2026-03-17 18:03:10,089 - TrainerLogger - INFO -                                                                                                   
2026-03-17 18:03:10,089 - TrainerLogger - INFO -  max_pooling2d (MaxPooling2  (None, 256, 256, 32)         0         ['conv2d_1[0][0]']            
2026-03-17 18:03:10,089 - TrainerLogger - INFO -  D)                                                                                               
2026-03-17 18:03:10,089 - TrainerLogger - INFO -                                                                                                   
2026-03-17 18:03:10,089 - TrainerLogger - INFO -  conv2d_2 (Conv2D)           (None, 256, 256, 64)         18496     ['max_pooling2d[0][0]']       
2026-03-17 18:03:10,089 - TrainerLogger - INFO -                                                                                                   
2026-03-17 18:03:10,090 - TrainerLogger - INFO -  conv2d_3 (Conv2D)           (None, 256, 256, 64)         36928     ['conv2d_2[0][0]']            
2026-03-17 18:03:10,090 - TrainerLogger - INFO -                                                                                                   
2026-03-17 18:03:10,090 - TrainerLogger - INFO -  max_pooling2d_1 (MaxPoolin  (None, 128, 128, 64)         0         ['conv2d_3[0][0]']            
2026-03-17 18:03:10,090 - TrainerLogger - INFO -  g2D)                                                                                             
2026-03-17 18:03:10,090 - TrainerLogger - INFO -                                                                                                   
2026-03-17 18:03:10,090 - TrainerLogger - INFO -  conv2d_4 (Conv2D)           (None, 128, 128, 128)        73856     ['max_pooling2d_1[0][0]']     
2026-03-17 18:03:10,090 - TrainerLogger - INFO -                                                                                                   
2026-03-17 18:03:10,090 - TrainerLogger - INFO -  conv2d_5 (Conv2D)           (None, 128, 128, 128)        147584    ['conv2d_4[0][0]']            
2026-03-17 18:03:10,090 - TrainerLogger - INFO -                                                                                                   
2026-03-17 18:03:10,090 - TrainerLogger - INFO -  max_pooling2d_2 (MaxPoolin  (None, 64, 64, 128)          0         ['conv2d_5[0][0]']            
2026-03-17 18:03:10,091 - TrainerLogger - INFO -  g2D)                                                                                             
2026-03-17 18:03:10,091 - TrainerLogger - INFO -                                                                                                   
2026-03-17 18:03:10,091 - TrainerLogger - INFO -  conv2d_6 (Conv2D)           (None, 64, 64, 256)          295168    ['max_pooling2d_2[0][0]']     
2026-03-17 18:03:10,091 - TrainerLogger - INFO -                                                                                                   
2026-03-17 18:03:10,091 - TrainerLogger - INFO -  conv2d_7 (Conv2D)           (None, 64, 64, 256)          590080    ['conv2d_6[0][0]']            
2026-03-17 18:03:10,091 - TrainerLogger - INFO -                                                                                                   
2026-03-17 18:03:10,091 - TrainerLogger - INFO -  up_sampling2d (UpSampling2  (None, 128, 128, 256)        0         ['conv2d_7[0][0]']            
2026-03-17 18:03:10,091 - TrainerLogger - INFO -  D)                                                                                               
2026-03-17 18:03:10,091 - TrainerLogger - INFO -                                                                                                   
2026-03-17 18:03:10,091 - TrainerLogger - INFO -  concatenate (Concatenate)   (None, 128, 128, 384)        0         ['up_sampling2d[0][0]',       
2026-03-17 18:03:10,091 - TrainerLogger - INFO -                                                                      'conv2d_5[0][0]']            
2026-03-17 18:03:10,092 - TrainerLogger - INFO -                                                                                                   
2026-03-17 18:03:10,092 - TrainerLogger - INFO -  conv2d_8 (Conv2D)           (None, 128, 128, 128)        442496    ['concatenate[0][0]']         
2026-03-17 18:03:10,092 - TrainerLogger - INFO -                                                                                                   
2026-03-17 18:03:10,092 - TrainerLogger - INFO -  conv2d_9 (Conv2D)           (None, 128, 128, 128)        147584    ['conv2d_8[0][0]']            
2026-03-17 18:03:10,092 - TrainerLogger - INFO -                                                                                                   
2026-03-17 18:03:10,092 - TrainerLogger - INFO -  up_sampling2d_1 (UpSamplin  (None, 256, 256, 128)        0         ['conv2d_9[0][0]']            
2026-03-17 18:03:10,092 - TrainerLogger - INFO -  g2D)                                                                                             
2026-03-17 18:03:10,092 - TrainerLogger - INFO -                                                                                                   
2026-03-17 18:03:10,092 - TrainerLogger - INFO -  concatenate_1 (Concatenate  (None, 256, 256, 192)        0         ['up_sampling2d_1[0][0]',     
2026-03-17 18:03:10,092 - TrainerLogger - INFO -  )                                                                   'conv2d_3[0][0]']            
2026-03-17 18:03:10,092 - TrainerLogger - INFO -                                                                                                   
2026-03-17 18:03:10,092 - TrainerLogger - INFO -  conv2d_10 (Conv2D)          (None, 256, 256, 64)         110656    ['concatenate_1[0][0]']       
2026-03-17 18:03:10,092 - TrainerLogger - INFO -                                                                                                   
2026-03-17 18:03:10,093 - TrainerLogger - INFO -  conv2d_11 (Conv2D)          (None, 256, 256, 64)         36928     ['conv2d_10[0][0]']           
2026-03-17 18:03:10,093 - TrainerLogger - INFO -                                                                                                   
2026-03-17 18:03:10,093 - TrainerLogger - INFO -  up_sampling2d_2 (UpSamplin  (None, 512, 512, 64)         0         ['conv2d_11[0][0]']           
2026-03-17 18:03:10,093 - TrainerLogger - INFO -  g2D)                                                                                             
2026-03-17 18:03:10,093 - TrainerLogger - INFO -                                                                                                   
2026-03-17 18:03:10,093 - TrainerLogger - INFO -  concatenate_2 (Concatenate  (None, 512, 512, 96)         0         ['up_sampling2d_2[0][0]',     
2026-03-17 18:03:10,093 - TrainerLogger - INFO -  )                                                                   'conv2d_1[0][0]']            
2026-03-17 18:03:10,093 - TrainerLogger - INFO -                                                                                                   
2026-03-17 18:03:10,093 - TrainerLogger - INFO -  conv2d_12 (Conv2D)          (None, 512, 512, 32)         27680     ['concatenate_2[0][0]']       
2026-03-17 18:03:10,093 - TrainerLogger - INFO -                                                                                                   
2026-03-17 18:03:10,094 - TrainerLogger - INFO -  conv2d_13 (Conv2D)          (None, 512, 512, 32)         9248      ['conv2d_12[0][0]']           
2026-03-17 18:03:10,094 - TrainerLogger - INFO -                                                                                                   
2026-03-17 18:03:10,094 - TrainerLogger - INFO -  conv2d_14 (Conv2D)          (None, 512, 512, 12)         396       ['conv2d_13[0][0]']           
2026-03-17 18:03:10,094 - TrainerLogger - INFO -                                                                                                   
2026-03-17 18:03:10,094 - TrainerLogger - INFO - ==================================================================================================
2026-03-17 18:03:10,094 - TrainerLogger - INFO - Total params: 1947244 (7.43 MB)
2026-03-17 18:03:10,094 - TrainerLogger - INFO - Trainable params: 1947244 (7.43 MB)
2026-03-17 18:03:10,094 - TrainerLogger - INFO - Non-trainable params: 0 (0.00 Byte)
2026-03-17 18:03:10,095 - TrainerLogger - INFO - __________________________________________________________________________________________________
2026-03-17 18:03:10,095 - TrainerLogger - INFO - Starting U-Net training process...
2026-03-17 18:09:31,506 - TrainerLogger - INFO - Scanning for unique classes in JSON files...
2026-03-17 18:09:31,678 - TrainerLogger - INFO - Classes found (12): ['background', 'BS_CL_es', 'BS_CL_intermediate', 'Obstacle_CL_ground', 'Obstacle_CL_ground1', 'Obstacle_CL_rail', 'Obstacle_CL_road', 'Obstacle_CL_water', 'Other_CL_sky', 'Superstructure_CL_cons', 'Superstructure_CL_cons_under', 'Superstructure_CL_road']
2026-03-17 18:09:31,679 - TrainerLogger - INFO - Class mapping saved to D:\VSC_Progs\G_Intel_4\image_classification_project\artifacts\label_map.json
2026-03-17 18:09:31,785 - TrainerLogger - INFO - Building U-Net Semantic Segmentation model...
2026-03-17 18:09:31,983 - TrainerLogger - INFO - U-Net model compiled successfully.
2026-03-17 18:09:31,983 - TrainerLogger - INFO - Model: "model"
2026-03-17 18:09:31,983 - TrainerLogger - INFO - __________________________________________________________________________________________________
2026-03-17 18:09:31,983 - TrainerLogger - INFO -  Layer (type)                Output Shape                 Param #   Connected to                  
2026-03-17 18:09:31,983 - TrainerLogger - INFO - ==================================================================================================
2026-03-17 18:09:31,983 - TrainerLogger - INFO -  input_1 (InputLayer)        [(None, 512, 512, 3)]        0         []                            
2026-03-17 18:09:31,984 - TrainerLogger - INFO -                                                                                                   
2026-03-17 18:09:31,984 - TrainerLogger - INFO -  rescaling (Rescaling)       (None, 512, 512, 3)          0         ['input_1[0][0]']             
2026-03-17 18:09:31,984 - TrainerLogger - INFO -                                                                                                   
2026-03-17 18:09:31,984 - TrainerLogger - INFO -  conv2d (Conv2D)             (None, 512, 512, 32)         896       ['rescaling[0][0]']           
2026-03-17 18:09:31,984 - TrainerLogger - INFO -                                                                                                   
2026-03-17 18:09:31,984 - TrainerLogger - INFO -  conv2d_1 (Conv2D)           (None, 512, 512, 32)         9248      ['conv2d[0][0]']              
2026-03-17 18:09:31,984 - TrainerLogger - INFO -                                                                                                   
2026-03-17 18:09:31,984 - TrainerLogger - INFO -  max_pooling2d (MaxPooling2  (None, 256, 256, 32)         0         ['conv2d_1[0][0]']            
2026-03-17 18:09:31,984 - TrainerLogger - INFO -  D)                                                                                               
2026-03-17 18:09:31,984 - TrainerLogger - INFO -                                                                                                   
2026-03-17 18:09:31,984 - TrainerLogger - INFO -  conv2d_2 (Conv2D)           (None, 256, 256, 64)         18496     ['max_pooling2d[0][0]']       
2026-03-17 18:09:31,985 - TrainerLogger - INFO -                                                                                                   
2026-03-17 18:09:31,985 - TrainerLogger - INFO -  conv2d_3 (Conv2D)           (None, 256, 256, 64)         36928     ['conv2d_2[0][0]']            
2026-03-17 18:09:31,985 - TrainerLogger - INFO -                                                                                                   
2026-03-17 18:09:31,985 - TrainerLogger - INFO -  max_pooling2d_1 (MaxPoolin  (None, 128, 128, 64)         0         ['conv2d_3[0][0]']            
2026-03-17 18:09:31,985 - TrainerLogger - INFO -  g2D)                                                                                             
2026-03-17 18:09:31,985 - TrainerLogger - INFO -                                                                                                   
2026-03-17 18:09:31,985 - TrainerLogger - INFO -  conv2d_4 (Conv2D)           (None, 128, 128, 128)        73856     ['max_pooling2d_1[0][0]']     
2026-03-17 18:09:31,985 - TrainerLogger - INFO -                                                                                                   
2026-03-17 18:09:31,985 - TrainerLogger - INFO -  conv2d_5 (Conv2D)           (None, 128, 128, 128)        147584    ['conv2d_4[0][0]']            
2026-03-17 18:09:31,985 - TrainerLogger - INFO -                                                                                                   
2026-03-17 18:09:31,985 - TrainerLogger - INFO -  max_pooling2d_2 (MaxPoolin  (None, 64, 64, 128)          0         ['conv2d_5[0][0]']            
2026-03-17 18:09:31,985 - TrainerLogger - INFO -  g2D)                                                                                             
2026-03-17 18:09:31,985 - TrainerLogger - INFO -                                                                                                   
2026-03-17 18:09:31,985 - TrainerLogger - INFO -  conv2d_6 (Conv2D)           (None, 64, 64, 256)          295168    ['max_pooling2d_2[0][0]']     
2026-03-17 18:09:31,985 - TrainerLogger - INFO -                                                                                                   
2026-03-17 18:09:31,985 - TrainerLogger - INFO -  conv2d_7 (Conv2D)           (None, 64, 64, 256)          590080    ['conv2d_6[0][0]']            
2026-03-17 18:09:31,985 - TrainerLogger - INFO -                                                                                                   
2026-03-17 18:09:31,985 - TrainerLogger - INFO -  up_sampling2d (UpSampling2  (None, 128, 128, 256)        0         ['conv2d_7[0][0]']            
2026-03-17 18:09:31,985 - TrainerLogger - INFO -  D)                                                                                               
2026-03-17 18:09:31,985 - TrainerLogger - INFO -                                                                                                   
2026-03-17 18:09:31,986 - TrainerLogger - INFO -  concatenate (Concatenate)   (None, 128, 128, 384)        0         ['up_sampling2d[0][0]',       
2026-03-17 18:09:31,986 - TrainerLogger - INFO -                                                                      'conv2d_5[0][0]']            
2026-03-17 18:09:31,986 - TrainerLogger - INFO -                                                                                                   
2026-03-17 18:09:31,986 - TrainerLogger - INFO -  conv2d_8 (Conv2D)           (None, 128, 128, 128)        442496    ['concatenate[0][0]']         
2026-03-17 18:09:31,986 - TrainerLogger - INFO -                                                                                                   
2026-03-17 18:09:31,986 - TrainerLogger - INFO -  conv2d_9 (Conv2D)           (None, 128, 128, 128)        147584    ['conv2d_8[0][0]']            
2026-03-17 18:09:31,986 - TrainerLogger - INFO -                                                                                                   
2026-03-17 18:09:31,986 - TrainerLogger - INFO -  up_sampling2d_1 (UpSamplin  (None, 256, 256, 128)        0         ['conv2d_9[0][0]']            
2026-03-17 18:09:31,986 - TrainerLogger - INFO -  g2D)                                                                                             
2026-03-17 18:09:31,986 - TrainerLogger - INFO -                                                                                                   
2026-03-17 18:09:31,986 - TrainerLogger - INFO -  concatenate_1 (Concatenate  (None, 256, 256, 192)        0         ['up_sampling2d_1[0][0]',     
2026-03-17 18:09:31,986 - TrainerLogger - INFO -  )                                                                   'conv2d_3[0][0]']            
2026-03-17 18:09:31,986 - TrainerLogger - INFO -                                                                                                   
2026-03-17 18:09:31,987 - TrainerLogger - INFO -  conv2d_10 (Conv2D)          (None, 256, 256, 64)         110656    ['concatenate_1[0][0]']       
2026-03-17 18:09:31,987 - TrainerLogger - INFO -                                                                                                   
2026-03-17 18:09:31,987 - TrainerLogger - INFO -  conv2d_11 (Conv2D)          (None, 256, 256, 64)         36928     ['conv2d_10[0][0]']           
2026-03-17 18:09:31,987 - TrainerLogger - INFO -                                                                                                   
2026-03-17 18:09:31,987 - TrainerLogger - INFO -  up_sampling2d_2 (UpSamplin  (None, 512, 512, 64)         0         ['conv2d_11[0][0]']           
2026-03-17 18:09:31,987 - TrainerLogger - INFO -  g2D)                                                                                             
2026-03-17 18:09:31,987 - TrainerLogger - INFO -                                                                                                   
2026-03-17 18:09:31,987 - TrainerLogger - INFO -  concatenate_2 (Concatenate  (None, 512, 512, 96)         0         ['up_sampling2d_2[0][0]',     
2026-03-17 18:09:31,987 - TrainerLogger - INFO -  )                                                                   'conv2d_1[0][0]']            
2026-03-17 18:09:31,987 - TrainerLogger - INFO -                                                                                                   
2026-03-17 18:09:31,987 - TrainerLogger - INFO -  conv2d_12 (Conv2D)          (None, 512, 512, 32)         27680     ['concatenate_2[0][0]']       
2026-03-17 18:09:31,987 - TrainerLogger - INFO -                                                                                                   
2026-03-17 18:09:31,988 - TrainerLogger - INFO -  conv2d_13 (Conv2D)          (None, 512, 512, 32)         9248      ['conv2d_12[0][0]']           
2026-03-17 18:09:31,988 - TrainerLogger - INFO -                                                                                                   
2026-03-17 18:09:31,988 - TrainerLogger - INFO -  conv2d_14 (Conv2D)          (None, 512, 512, 12)         396       ['conv2d_13[0][0]']           
2026-03-17 18:09:31,988 - TrainerLogger - INFO -                                                                                                   
2026-03-17 18:09:31,988 - TrainerLogger - INFO - ==================================================================================================
2026-03-17 18:09:31,988 - TrainerLogger - INFO - Total params: 1947244 (7.43 MB)
2026-03-17 18:09:31,988 - TrainerLogger - INFO - Trainable params: 1947244 (7.43 MB)
2026-03-17 18:09:31,988 - TrainerLogger - INFO - Non-trainable params: 0 (0.00 Byte)
2026-03-17 18:09:31,989 - TrainerLogger - INFO - __________________________________________________________________________________________________
2026-03-17 18:09:31,989 - TrainerLogger - INFO - Starting U-Net training process...
2026-03-17 18:48:18,356 - TrainerLogger - INFO - Training completed. Final model saved to D:\VSC_Progs\G_Intel_4\image_classification_project\models\final_model.keras
2026-03-17 18:48:18,356 - TrainerLogger - INFO - Generating training history plots...
2026-03-17 18:48:18,549 - TrainerLogger - INFO - Evaluation complete.
2026-03-17 18:48:18,549 - TrainerLogger - INFO - Segmentation training finished successfully.
2026-03-18 11:13:36,556 - TrainerLogger - INFO - Scanning for unique classes in JSON files...
2026-03-18 11:13:38,260 - TrainerLogger - INFO - Classes found (12): ['background', 'BS_CL_es', 'BS_CL_intermediate', 'Obstacle_CL_ground', 'Obstacle_CL_ground1', 'Obstacle_CL_rail', 'Obstacle_CL_road', 'Obstacle_CL_water', 'Other_CL_sky', 'Superstructure_CL_cons', 'Superstructure_CL_cons_under', 'Superstructure_CL_road']
2026-03-18 11:13:38,262 - TrainerLogger - INFO - Class mapping saved to /mnt/d/VSC_Progs/G_Intel_4/image_classification_project/artifacts/label_map.json
2026-03-18 11:13:39,983 - TrainerLogger - INFO - Building U-Net Semantic Segmentation model...
2026-03-18 11:13:40,435 - TrainerLogger - INFO - U-Net model compiled successfully.
2026-03-18 11:13:40,446 - TrainerLogger - INFO - Model: "functional"
┏━━━━━━━━━━━━━━━━━━━━━━━━━━━━━━━┳━━━━━━━━━━━━━━━━━━━━━━━━━━━┳━━━━━━━━━━━━━━━━━┳━━━━━━━━━━━━━━━━━━━━━━━━━━━━┓
┃ Layer (type)                  ┃ Output Shape              ┃         Param # ┃ Connected to               ┃
┡━━━━━━━━━━━━━━━━━━━━━━━━━━━━━━━╇━━━━━━━━━━━━━━━━━━━━━━━━━━━╇━━━━━━━━━━━━━━━━━╇━━━━━━━━━━━━━━━━━━━━━━━━━━━━┩
│ input_layer (InputLayer)      │ (None, 512, 512, 3)       │               0 │ -                          │
├───────────────────────────────┼───────────────────────────┼─────────────────┼────────────────────────────┤
│ rescaling (Rescaling)         │ (None, 512, 512, 3)       │               0 │ input_layer[0][0]          │
├───────────────────────────────┼───────────────────────────┼─────────────────┼────────────────────────────┤
│ conv2d (Conv2D)               │ (None, 512, 512, 32)      │             896 │ rescaling[0][0]            │
├───────────────────────────────┼───────────────────────────┼─────────────────┼────────────────────────────┤
│ conv2d_1 (Conv2D)             │ (None, 512, 512, 32)      │           9,248 │ conv2d[0][0]               │
├───────────────────────────────┼───────────────────────────┼─────────────────┼────────────────────────────┤
│ max_pooling2d (MaxPooling2D)  │ (None, 256, 256, 32)      │               0 │ conv2d_1[0][0]             │
├───────────────────────────────┼───────────────────────────┼─────────────────┼────────────────────────────┤
│ conv2d_2 (Conv2D)             │ (None, 256, 256, 64)      │          18,496 │ max_pooling2d[0][0]        │
├───────────────────────────────┼───────────────────────────┼─────────────────┼────────────────────────────┤
│ conv2d_3 (Conv2D)             │ (None, 256, 256, 64)      │          36,928 │ conv2d_2[0][0]             │
├───────────────────────────────┼───────────────────────────┼─────────────────┼────────────────────────────┤
│ max_pooling2d_1               │ (None, 128, 128, 64)      │               0 │ conv2d_3[0][0]             │
│ (MaxPooling2D)                │                           │                 │                            │
├───────────────────────────────┼───────────────────────────┼─────────────────┼────────────────────────────┤
│ conv2d_4 (Conv2D)             │ (None, 128, 128, 128)     │          73,856 │ max_pooling2d_1[0][0]      │
├───────────────────────────────┼───────────────────────────┼─────────────────┼────────────────────────────┤
│ conv2d_5 (Conv2D)             │ (None, 128, 128, 128)     │         147,584 │ conv2d_4[0][0]             │
├───────────────────────────────┼───────────────────────────┼─────────────────┼────────────────────────────┤
│ max_pooling2d_2               │ (None, 64, 64, 128)       │               0 │ conv2d_5[0][0]             │
│ (MaxPooling2D)                │                           │                 │                            │
├───────────────────────────────┼───────────────────────────┼─────────────────┼────────────────────────────┤
│ conv2d_6 (Conv2D)             │ (None, 64, 64, 256)       │         295,168 │ max_pooling2d_2[0][0]      │
├───────────────────────────────┼───────────────────────────┼─────────────────┼────────────────────────────┤
│ conv2d_7 (Conv2D)             │ (None, 64, 64, 256)       │         590,080 │ conv2d_6[0][0]             │
├───────────────────────────────┼───────────────────────────┼─────────────────┼────────────────────────────┤
│ up_sampling2d (UpSampling2D)  │ (None, 128, 128, 256)     │               0 │ conv2d_7[0][0]             │
├───────────────────────────────┼───────────────────────────┼─────────────────┼────────────────────────────┤
│ concatenate (Concatenate)     │ (None, 128, 128, 384)     │               0 │ up_sampling2d[0][0],       │
│                               │                           │                 │ conv2d_5[0][0]             │
├───────────────────────────────┼───────────────────────────┼─────────────────┼────────────────────────────┤
│ conv2d_8 (Conv2D)             │ (None, 128, 128, 128)     │         442,496 │ concatenate[0][0]          │
├───────────────────────────────┼───────────────────────────┼─────────────────┼────────────────────────────┤
│ conv2d_9 (Conv2D)             │ (None, 128, 128, 128)     │         147,584 │ conv2d_8[0][0]             │
├───────────────────────────────┼───────────────────────────┼─────────────────┼────────────────────────────┤
│ up_sampling2d_1               │ (None, 256, 256, 128)     │               0 │ conv2d_9[0][0]             │
│ (UpSampling2D)                │                           │                 │                            │
├───────────────────────────────┼───────────────────────────┼─────────────────┼────────────────────────────┤
│ concatenate_1 (Concatenate)   │ (None, 256, 256, 192)     │               0 │ up_sampling2d_1[0][0],     │
│                               │                           │                 │ conv2d_3[0][0]             │
├───────────────────────────────┼───────────────────────────┼─────────────────┼────────────────────────────┤
│ conv2d_10 (Conv2D)            │ (None, 256, 256, 64)      │         110,656 │ concatenate_1[0][0]        │
├───────────────────────────────┼───────────────────────────┼─────────────────┼────────────────────────────┤
│ conv2d_11 (Conv2D)            │ (None, 256, 256, 64)      │          36,928 │ conv2d_10[0][0]            │
├───────────────────────────────┼───────────────────────────┼─────────────────┼────────────────────────────┤
│ up_sampling2d_2               │ (None, 512, 512, 64)      │               0 │ conv2d_11[0][0]            │
│ (UpSampling2D)                │                           │                 │                            │
├───────────────────────────────┼───────────────────────────┼─────────────────┼────────────────────────────┤
│ concatenate_2 (Concatenate)   │ (None, 512, 512, 96)      │               0 │ up_sampling2d_2[0][0],     │
│                               │                           │                 │ conv2d_1[0][0]             │
├───────────────────────────────┼───────────────────────────┼─────────────────┼────────────────────────────┤
│ conv2d_12 (Conv2D)            │ (None, 512, 512, 32)      │          27,680 │ concatenate_2[0][0]        │
├───────────────────────────────┼───────────────────────────┼─────────────────┼────────────────────────────┤
│ conv2d_13 (Conv2D)            │ (None, 512, 512, 32)      │           9,248 │ conv2d_12[0][0]            │
├───────────────────────────────┼───────────────────────────┼─────────────────┼────────────────────────────┤
│ conv2d_14 (Conv2D)            │ (None, 512, 512, 12)      │             396 │ conv2d_13[0][0]            │
└───────────────────────────────┴───────────────────────────┴─────────────────┴────────────────────────────┘
 Total params: 1,947,244 (7.43 MB)
 Trainable params: 1,947,244 (7.43 MB)
 Non-trainable params: 0 (0.00 B)

2026-03-18 11:13:40,447 - TrainerLogger - INFO - Starting U-Net training process...
2026-03-18 11:14:26,881 - TrainerLogger - ERROR - Fatal error during training: TensorBoard is not installed, missing implementation for tf.summary.scalar
Traceback (most recent call last):
  File "/mnt/d/VSC_Progs/G_Intel_4/image_classification_project/train.py", line 26, in main
    history = trainer.train(train_ds, val_ds)
              ^^^^^^^^^^^^^^^^^^^^^^^^^^^^^^^
  File "/mnt/d/VSC_Progs/G_Intel_4/image_classification_project/src/training/trainer.py", line 40, in train
    history = self.model.fit(
              ^^^^^^^^^^^^^^^
  File "/home/adminwsl/unet-env/lib/python3.12/site-packages/keras/src/utils/traceback_utils.py", line 122, in error_handler
    raise e.with_traceback(filtered_tb) from None
  File "/home/adminwsl/unet-env/lib/python3.12/site-packages/tensorflow/python/summary/tb_summary.py", line 298, in scalar
    raise TBNotInstalledError("tf.summary.scalar") from exc
tensorflow.python.summary.tb_summary.TBNotInstalledError: TensorBoard is not installed, missing implementation for tf.summary.scalar
2026-03-18 11:16:35,211 - TrainerLogger - INFO - Scanning for unique classes in JSON files...
2026-03-18 11:16:35,884 - TrainerLogger - INFO - Classes found (12): ['background', 'BS_CL_es', 'BS_CL_intermediate', 'Obstacle_CL_ground', 'Obstacle_CL_ground1', 'Obstacle_CL_rail', 'Obstacle_CL_road', 'Obstacle_CL_water', 'Other_CL_sky', 'Superstructure_CL_cons', 'Superstructure_CL_cons_under', 'Superstructure_CL_road']
2026-03-18 11:16:35,886 - TrainerLogger - INFO - Class mapping saved to /mnt/d/VSC_Progs/G_Intel_4/image_classification_project/artifacts/label_map.json
2026-03-18 11:16:37,311 - TrainerLogger - INFO - Building U-Net Semantic Segmentation model...
2026-03-18 11:16:37,761 - TrainerLogger - INFO - U-Net model compiled successfully.
2026-03-18 11:16:37,772 - TrainerLogger - INFO - Model: "functional"
┏━━━━━━━━━━━━━━━━━━━━━━━━━━━━━━━┳━━━━━━━━━━━━━━━━━━━━━━━━━━━┳━━━━━━━━━━━━━━━━━┳━━━━━━━━━━━━━━━━━━━━━━━━━━━━┓
┃ Layer (type)                  ┃ Output Shape              ┃         Param # ┃ Connected to               ┃
┡━━━━━━━━━━━━━━━━━━━━━━━━━━━━━━━╇━━━━━━━━━━━━━━━━━━━━━━━━━━━╇━━━━━━━━━━━━━━━━━╇━━━━━━━━━━━━━━━━━━━━━━━━━━━━┩
│ input_layer (InputLayer)      │ (None, 512, 512, 3)       │               0 │ -                          │
├───────────────────────────────┼───────────────────────────┼─────────────────┼────────────────────────────┤
│ rescaling (Rescaling)         │ (None, 512, 512, 3)       │               0 │ input_layer[0][0]          │
├───────────────────────────────┼───────────────────────────┼─────────────────┼────────────────────────────┤
│ conv2d (Conv2D)               │ (None, 512, 512, 32)      │             896 │ rescaling[0][0]            │
├───────────────────────────────┼───────────────────────────┼─────────────────┼────────────────────────────┤
│ conv2d_1 (Conv2D)             │ (None, 512, 512, 32)      │           9,248 │ conv2d[0][0]               │
├───────────────────────────────┼───────────────────────────┼─────────────────┼────────────────────────────┤
│ max_pooling2d (MaxPooling2D)  │ (None, 256, 256, 32)      │               0 │ conv2d_1[0][0]             │
├───────────────────────────────┼───────────────────────────┼─────────────────┼────────────────────────────┤
│ conv2d_2 (Conv2D)             │ (None, 256, 256, 64)      │          18,496 │ max_pooling2d[0][0]        │
├───────────────────────────────┼───────────────────────────┼─────────────────┼────────────────────────────┤
│ conv2d_3 (Conv2D)             │ (None, 256, 256, 64)      │          36,928 │ conv2d_2[0][0]             │
├───────────────────────────────┼───────────────────────────┼─────────────────┼────────────────────────────┤
│ max_pooling2d_1               │ (None, 128, 128, 64)      │               0 │ conv2d_3[0][0]             │
│ (MaxPooling2D)                │                           │                 │                            │
├───────────────────────────────┼───────────────────────────┼─────────────────┼────────────────────────────┤
│ conv2d_4 (Conv2D)             │ (None, 128, 128, 128)     │          73,856 │ max_pooling2d_1[0][0]      │
├───────────────────────────────┼───────────────────────────┼─────────────────┼────────────────────────────┤
│ conv2d_5 (Conv2D)             │ (None, 128, 128, 128)     │         147,584 │ conv2d_4[0][0]             │
├───────────────────────────────┼───────────────────────────┼─────────────────┼────────────────────────────┤
│ max_pooling2d_2               │ (None, 64, 64, 128)       │               0 │ conv2d_5[0][0]             │
│ (MaxPooling2D)                │                           │                 │                            │
├───────────────────────────────┼───────────────────────────┼─────────────────┼────────────────────────────┤
│ conv2d_6 (Conv2D)             │ (None, 64, 64, 256)       │         295,168 │ max_pooling2d_2[0][0]      │
├───────────────────────────────┼───────────────────────────┼─────────────────┼────────────────────────────┤
│ conv2d_7 (Conv2D)             │ (None, 64, 64, 256)       │         590,080 │ conv2d_6[0][0]             │
├───────────────────────────────┼───────────────────────────┼─────────────────┼────────────────────────────┤
│ up_sampling2d (UpSampling2D)  │ (None, 128, 128, 256)     │               0 │ conv2d_7[0][0]             │
├───────────────────────────────┼───────────────────────────┼─────────────────┼────────────────────────────┤
│ concatenate (Concatenate)     │ (None, 128, 128, 384)     │               0 │ up_sampling2d[0][0],       │
│                               │                           │                 │ conv2d_5[0][0]             │
├───────────────────────────────┼───────────────────────────┼─────────────────┼────────────────────────────┤
│ conv2d_8 (Conv2D)             │ (None, 128, 128, 128)     │         442,496 │ concatenate[0][0]          │
├───────────────────────────────┼───────────────────────────┼─────────────────┼────────────────────────────┤
│ conv2d_9 (Conv2D)             │ (None, 128, 128, 128)     │         147,584 │ conv2d_8[0][0]             │
├───────────────────────────────┼───────────────────────────┼─────────────────┼────────────────────────────┤
│ up_sampling2d_1               │ (None, 256, 256, 128)     │               0 │ conv2d_9[0][0]             │
│ (UpSampling2D)                │                           │                 │                            │
├───────────────────────────────┼───────────────────────────┼─────────────────┼────────────────────────────┤
│ concatenate_1 (Concatenate)   │ (None, 256, 256, 192)     │               0 │ up_sampling2d_1[0][0],     │
│                               │                           │                 │ conv2d_3[0][0]             │
├───────────────────────────────┼───────────────────────────┼─────────────────┼────────────────────────────┤
│ conv2d_10 (Conv2D)            │ (None, 256, 256, 64)      │         110,656 │ concatenate_1[0][0]        │
├───────────────────────────────┼───────────────────────────┼─────────────────┼────────────────────────────┤
│ conv2d_11 (Conv2D)            │ (None, 256, 256, 64)      │          36,928 │ conv2d_10[0][0]            │
├───────────────────────────────┼───────────────────────────┼─────────────────┼────────────────────────────┤
│ up_sampling2d_2               │ (None, 512, 512, 64)      │               0 │ conv2d_11[0][0]            │
│ (UpSampling2D)                │                           │                 │                            │
├───────────────────────────────┼───────────────────────────┼─────────────────┼────────────────────────────┤
│ concatenate_2 (Concatenate)   │ (None, 512, 512, 96)      │               0 │ up_sampling2d_2[0][0],     │
│                               │                           │                 │ conv2d_1[0][0]             │
├───────────────────────────────┼───────────────────────────┼─────────────────┼────────────────────────────┤
│ conv2d_12 (Conv2D)            │ (None, 512, 512, 32)      │          27,680 │ concatenate_2[0][0]        │
├───────────────────────────────┼───────────────────────────┼─────────────────┼────────────────────────────┤
│ conv2d_13 (Conv2D)            │ (None, 512, 512, 32)      │           9,248 │ conv2d_12[0][0]            │
├───────────────────────────────┼───────────────────────────┼─────────────────┼────────────────────────────┤
│ conv2d_14 (Conv2D)            │ (None, 512, 512, 12)      │             396 │ conv2d_13[0][0]            │
└───────────────────────────────┴───────────────────────────┴─────────────────┴────────────────────────────┘
 Total params: 1,947,244 (7.43 MB)
 Trainable params: 1,947,244 (7.43 MB)
 Non-trainable params: 0 (0.00 B)

2026-03-18 11:16:37,776 - TrainerLogger - INFO - Starting U-Net training process...
2026-03-18 11:22:39,943 - TrainerLogger - INFO - Training completed. Final model saved to /mnt/d/VSC_Progs/G_Intel_4/image_classification_project/models/final_model.keras
2026-03-18 11:22:39,943 - TrainerLogger - INFO - Generating training history plots...
2026-03-18 11:22:40,173 - TrainerLogger - INFO - Evaluation complete.
2026-03-18 11:22:40,173 - TrainerLogger - INFO - Segmentation training finished successfully.
2026-03-18 11:44:02,093 - TrainerLogger - INFO - Scanning for unique classes in JSON files...
2026-03-18 11:44:02,744 - TrainerLogger - INFO - Classes found (12): ['background', 'BS_CL_es', 'BS_CL_intermediate', 'Obstacle_CL_ground', 'Obstacle_CL_ground1', 'Obstacle_CL_rail', 'Obstacle_CL_road', 'Obstacle_CL_water', 'Other_CL_sky', 'Superstructure_CL_cons', 'Superstructure_CL_cons_under', 'Superstructure_CL_road']
2026-03-18 11:44:02,746 - TrainerLogger - INFO - Class mapping saved to /mnt/d/VSC_Progs/G_Intel_4/image_classification_project/artifacts/label_map.json
2026-03-18 11:44:18,140 - TrainerLogger - INFO - Building U-Net Semantic Segmentation model...
2026-03-18 11:44:18,590 - TrainerLogger - INFO - U-Net model compiled successfully.
2026-03-18 11:44:18,600 - TrainerLogger - INFO - Model: "functional"
┏━━━━━━━━━━━━━━━━━━━━━━━━━━━━━━━┳━━━━━━━━━━━━━━━━━━━━━━━━━━━┳━━━━━━━━━━━━━━━━━┳━━━━━━━━━━━━━━━━━━━━━━━━━━━━┓
┃ Layer (type)                  ┃ Output Shape              ┃         Param # ┃ Connected to               ┃
┡━━━━━━━━━━━━━━━━━━━━━━━━━━━━━━━╇━━━━━━━━━━━━━━━━━━━━━━━━━━━╇━━━━━━━━━━━━━━━━━╇━━━━━━━━━━━━━━━━━━━━━━━━━━━━┩
│ input_layer (InputLayer)      │ (None, 512, 512, 3)       │               0 │ -                          │
├───────────────────────────────┼───────────────────────────┼─────────────────┼────────────────────────────┤
│ rescaling (Rescaling)         │ (None, 512, 512, 3)       │               0 │ input_layer[0][0]          │
├───────────────────────────────┼───────────────────────────┼─────────────────┼────────────────────────────┤
│ conv2d (Conv2D)               │ (None, 512, 512, 32)      │             896 │ rescaling[0][0]            │
├───────────────────────────────┼───────────────────────────┼─────────────────┼────────────────────────────┤
│ conv2d_1 (Conv2D)             │ (None, 512, 512, 32)      │           9,248 │ conv2d[0][0]               │
├───────────────────────────────┼───────────────────────────┼─────────────────┼────────────────────────────┤
│ max_pooling2d (MaxPooling2D)  │ (None, 256, 256, 32)      │               0 │ conv2d_1[0][0]             │
├───────────────────────────────┼───────────────────────────┼─────────────────┼────────────────────────────┤
│ conv2d_2 (Conv2D)             │ (None, 256, 256, 64)      │          18,496 │ max_pooling2d[0][0]        │
├───────────────────────────────┼───────────────────────────┼─────────────────┼────────────────────────────┤
│ conv2d_3 (Conv2D)             │ (None, 256, 256, 64)      │          36,928 │ conv2d_2[0][0]             │
├───────────────────────────────┼───────────────────────────┼─────────────────┼────────────────────────────┤
│ max_pooling2d_1               │ (None, 128, 128, 64)      │               0 │ conv2d_3[0][0]             │
│ (MaxPooling2D)                │                           │                 │                            │
├───────────────────────────────┼───────────────────────────┼─────────────────┼────────────────────────────┤
│ conv2d_4 (Conv2D)             │ (None, 128, 128, 128)     │          73,856 │ max_pooling2d_1[0][0]      │
├───────────────────────────────┼───────────────────────────┼─────────────────┼────────────────────────────┤
│ conv2d_5 (Conv2D)             │ (None, 128, 128, 128)     │         147,584 │ conv2d_4[0][0]             │
├───────────────────────────────┼───────────────────────────┼─────────────────┼────────────────────────────┤
│ max_pooling2d_2               │ (None, 64, 64, 128)       │               0 │ conv2d_5[0][0]             │
│ (MaxPooling2D)                │                           │                 │                            │
├───────────────────────────────┼───────────────────────────┼─────────────────┼────────────────────────────┤
│ conv2d_6 (Conv2D)             │ (None, 64, 64, 256)       │         295,168 │ max_pooling2d_2[0][0]      │
├───────────────────────────────┼───────────────────────────┼─────────────────┼────────────────────────────┤
│ conv2d_7 (Conv2D)             │ (None, 64, 64, 256)       │         590,080 │ conv2d_6[0][0]             │
├───────────────────────────────┼───────────────────────────┼─────────────────┼────────────────────────────┤
│ up_sampling2d (UpSampling2D)  │ (None, 128, 128, 256)     │               0 │ conv2d_7[0][0]             │
├───────────────────────────────┼───────────────────────────┼─────────────────┼────────────────────────────┤
│ concatenate (Concatenate)     │ (None, 128, 128, 384)     │               0 │ up_sampling2d[0][0],       │
│                               │                           │                 │ conv2d_5[0][0]             │
├───────────────────────────────┼───────────────────────────┼─────────────────┼────────────────────────────┤
│ conv2d_8 (Conv2D)             │ (None, 128, 128, 128)     │         442,496 │ concatenate[0][0]          │
├───────────────────────────────┼───────────────────────────┼─────────────────┼────────────────────────────┤
│ conv2d_9 (Conv2D)             │ (None, 128, 128, 128)     │         147,584 │ conv2d_8[0][0]             │
├───────────────────────────────┼───────────────────────────┼─────────────────┼────────────────────────────┤
│ up_sampling2d_1               │ (None, 256, 256, 128)     │               0 │ conv2d_9[0][0]             │
│ (UpSampling2D)                │                           │                 │                            │
├───────────────────────────────┼───────────────────────────┼─────────────────┼────────────────────────────┤
│ concatenate_1 (Concatenate)   │ (None, 256, 256, 192)     │               0 │ up_sampling2d_1[0][0],     │
│                               │                           │                 │ conv2d_3[0][0]             │
├───────────────────────────────┼───────────────────────────┼─────────────────┼────────────────────────────┤
│ conv2d_10 (Conv2D)            │ (None, 256, 256, 64)      │         110,656 │ concatenate_1[0][0]        │
├───────────────────────────────┼───────────────────────────┼─────────────────┼────────────────────────────┤
│ conv2d_11 (Conv2D)            │ (None, 256, 256, 64)      │          36,928 │ conv2d_10[0][0]            │
├───────────────────────────────┼───────────────────────────┼─────────────────┼────────────────────────────┤
│ up_sampling2d_2               │ (None, 512, 512, 64)      │               0 │ conv2d_11[0][0]            │
│ (UpSampling2D)                │                           │                 │                            │
├───────────────────────────────┼───────────────────────────┼─────────────────┼────────────────────────────┤
│ concatenate_2 (Concatenate)   │ (None, 512, 512, 96)      │               0 │ up_sampling2d_2[0][0],     │
│                               │                           │                 │ conv2d_1[0][0]             │
├───────────────────────────────┼───────────────────────────┼─────────────────┼────────────────────────────┤
│ conv2d_12 (Conv2D)            │ (None, 512, 512, 32)      │          27,680 │ concatenate_2[0][0]        │
├───────────────────────────────┼───────────────────────────┼─────────────────┼────────────────────────────┤
│ conv2d_13 (Conv2D)            │ (None, 512, 512, 32)      │           9,248 │ conv2d_12[0][0]            │
├───────────────────────────────┼───────────────────────────┼─────────────────┼────────────────────────────┤
│ conv2d_14 (Conv2D)            │ (None, 512, 512, 12)      │             396 │ conv2d_13[0][0]            │
└───────────────────────────────┴───────────────────────────┴─────────────────┴────────────────────────────┘
 Total params: 1,947,244 (7.43 MB)
 Trainable params: 1,947,244 (7.43 MB)
 Non-trainable params: 0 (0.00 B)

2026-03-18 11:44:18,601 - TrainerLogger - INFO - Starting U-Net training process...
2026-03-18 11:53:07,105 - TrainerLogger - INFO - Training completed. Final model saved to /mnt/d/VSC_Progs/G_Intel_4/image_classification_project/models/final_model.keras
2026-03-18 11:53:07,105 - TrainerLogger - INFO - Generating training history plots...
2026-03-18 11:53:07,320 - TrainerLogger - INFO - Evaluation complete.
2026-03-18 11:53:07,320 - TrainerLogger - INFO - Segmentation training finished successfully.
2026-03-18 12:25:35,146 - TrainerLogger - INFO - Scanning for unique classes in JSON files...
2026-03-18 12:25:35,715 - TrainerLogger - INFO - Classes found (12): ['background', 'BS_CL_es', 'BS_CL_intermediate', 'Obstacle_CL_ground', 'Obstacle_CL_ground1', 'Obstacle_CL_rail', 'Obstacle_CL_road', 'Obstacle_CL_water', 'Other_CL_sky', 'Superstructure_CL_cons', 'Superstructure_CL_cons_under', 'Superstructure_CL_road']
2026-03-18 12:25:35,716 - TrainerLogger - INFO - Class mapping saved to /mnt/d/VSC_Progs/G_Intel_4/image_classification_project/artifacts/label_map.json
2026-03-18 12:25:38,845 - TrainerLogger - INFO - Building U-Net Semantic Segmentation model...
2026-03-18 12:25:39,283 - TrainerLogger - INFO - U-Net model compiled successfully.
2026-03-18 12:25:39,293 - TrainerLogger - INFO - Model: "functional"
┏━━━━━━━━━━━━━━━━━━━━━━━━━━━━━━━┳━━━━━━━━━━━━━━━━━━━━━━━━━━━┳━━━━━━━━━━━━━━━━━┳━━━━━━━━━━━━━━━━━━━━━━━━━━━━┓
┃ Layer (type)                  ┃ Output Shape              ┃         Param # ┃ Connected to               ┃
┡━━━━━━━━━━━━━━━━━━━━━━━━━━━━━━━╇━━━━━━━━━━━━━━━━━━━━━━━━━━━╇━━━━━━━━━━━━━━━━━╇━━━━━━━━━━━━━━━━━━━━━━━━━━━━┩
│ input_layer (InputLayer)      │ (None, 512, 512, 3)       │               0 │ -                          │
├───────────────────────────────┼───────────────────────────┼─────────────────┼────────────────────────────┤
│ rescaling (Rescaling)         │ (None, 512, 512, 3)       │               0 │ input_layer[0][0]          │
├───────────────────────────────┼───────────────────────────┼─────────────────┼────────────────────────────┤
│ conv2d (Conv2D)               │ (None, 512, 512, 32)      │             896 │ rescaling[0][0]            │
├───────────────────────────────┼───────────────────────────┼─────────────────┼────────────────────────────┤
│ conv2d_1 (Conv2D)             │ (None, 512, 512, 32)      │           9,248 │ conv2d[0][0]               │
├───────────────────────────────┼───────────────────────────┼─────────────────┼────────────────────────────┤
│ max_pooling2d (MaxPooling2D)  │ (None, 256, 256, 32)      │               0 │ conv2d_1[0][0]             │
├───────────────────────────────┼───────────────────────────┼─────────────────┼────────────────────────────┤
│ conv2d_2 (Conv2D)             │ (None, 256, 256, 64)      │          18,496 │ max_pooling2d[0][0]        │
├───────────────────────────────┼───────────────────────────┼─────────────────┼────────────────────────────┤
│ conv2d_3 (Conv2D)             │ (None, 256, 256, 64)      │          36,928 │ conv2d_2[0][0]             │
├───────────────────────────────┼───────────────────────────┼─────────────────┼────────────────────────────┤
│ max_pooling2d_1               │ (None, 128, 128, 64)      │               0 │ conv2d_3[0][0]             │
│ (MaxPooling2D)                │                           │                 │                            │
├───────────────────────────────┼───────────────────────────┼─────────────────┼────────────────────────────┤
│ conv2d_4 (Conv2D)             │ (None, 128, 128, 128)     │          73,856 │ max_pooling2d_1[0][0]      │
├───────────────────────────────┼───────────────────────────┼─────────────────┼────────────────────────────┤
│ conv2d_5 (Conv2D)             │ (None, 128, 128, 128)     │         147,584 │ conv2d_4[0][0]             │
├───────────────────────────────┼───────────────────────────┼─────────────────┼────────────────────────────┤
│ max_pooling2d_2               │ (None, 64, 64, 128)       │               0 │ conv2d_5[0][0]             │
│ (MaxPooling2D)                │                           │                 │                            │
├───────────────────────────────┼───────────────────────────┼─────────────────┼────────────────────────────┤
│ conv2d_6 (Conv2D)             │ (None, 64, 64, 256)       │         295,168 │ max_pooling2d_2[0][0]      │
├───────────────────────────────┼───────────────────────────┼─────────────────┼────────────────────────────┤
│ conv2d_7 (Conv2D)             │ (None, 64, 64, 256)       │         590,080 │ conv2d_6[0][0]             │
├───────────────────────────────┼───────────────────────────┼─────────────────┼────────────────────────────┤
│ up_sampling2d (UpSampling2D)  │ (None, 128, 128, 256)     │               0 │ conv2d_7[0][0]             │
├───────────────────────────────┼───────────────────────────┼─────────────────┼────────────────────────────┤
│ concatenate (Concatenate)     │ (None, 128, 128, 384)     │               0 │ up_sampling2d[0][0],       │
│                               │                           │                 │ conv2d_5[0][0]             │
├───────────────────────────────┼───────────────────────────┼─────────────────┼────────────────────────────┤
│ conv2d_8 (Conv2D)             │ (None, 128, 128, 128)     │         442,496 │ concatenate[0][0]          │
├───────────────────────────────┼───────────────────────────┼─────────────────┼────────────────────────────┤
│ conv2d_9 (Conv2D)             │ (None, 128, 128, 128)     │         147,584 │ conv2d_8[0][0]             │
├───────────────────────────────┼───────────────────────────┼─────────────────┼────────────────────────────┤
│ up_sampling2d_1               │ (None, 256, 256, 128)     │               0 │ conv2d_9[0][0]             │
│ (UpSampling2D)                │                           │                 │                            │
├───────────────────────────────┼───────────────────────────┼─────────────────┼────────────────────────────┤
│ concatenate_1 (Concatenate)   │ (None, 256, 256, 192)     │               0 │ up_sampling2d_1[0][0],     │
│                               │                           │                 │ conv2d_3[0][0]             │
├───────────────────────────────┼───────────────────────────┼─────────────────┼────────────────────────────┤
│ conv2d_10 (Conv2D)            │ (None, 256, 256, 64)      │         110,656 │ concatenate_1[0][0]        │
├───────────────────────────────┼───────────────────────────┼─────────────────┼────────────────────────────┤
│ conv2d_11 (Conv2D)            │ (None, 256, 256, 64)      │          36,928 │ conv2d_10[0][0]            │
├───────────────────────────────┼───────────────────────────┼─────────────────┼────────────────────────────┤
│ up_sampling2d_2               │ (None, 512, 512, 64)      │               0 │ conv2d_11[0][0]            │
│ (UpSampling2D)                │                           │                 │                            │
├───────────────────────────────┼───────────────────────────┼─────────────────┼────────────────────────────┤
│ concatenate_2 (Concatenate)   │ (None, 512, 512, 96)      │               0 │ up_sampling2d_2[0][0],     │
│                               │                           │                 │ conv2d_1[0][0]             │
├───────────────────────────────┼───────────────────────────┼─────────────────┼────────────────────────────┤
│ conv2d_12 (Conv2D)            │ (None, 512, 512, 32)      │          27,680 │ concatenate_2[0][0]        │
├───────────────────────────────┼───────────────────────────┼─────────────────┼────────────────────────────┤
│ conv2d_13 (Conv2D)            │ (None, 512, 512, 32)      │           9,248 │ conv2d_12[0][0]            │
├───────────────────────────────┼───────────────────────────┼─────────────────┼────────────────────────────┤
│ conv2d_14 (Conv2D)            │ (None, 512, 512, 12)      │             396 │ conv2d_13[0][0]            │
└───────────────────────────────┴───────────────────────────┴─────────────────┴────────────────────────────┘
 Total params: 1,947,244 (7.43 MB)
 Trainable params: 1,947,244 (7.43 MB)
 Non-trainable params: 0 (0.00 B)

2026-03-18 12:25:39,293 - TrainerLogger - INFO - Starting U-Net training process...
2026-03-18 12:29:30,099 - TrainerLogger - INFO - Training completed. Final model saved to /mnt/d/VSC_Progs/G_Intel_4/image_classification_project/models/final_model.keras
2026-03-18 12:29:30,099 - TrainerLogger - INFO - Generating training history plots...
2026-03-18 12:29:30,223 - TrainerLogger - ERROR - Fatal error during training: 'sparse_categorical_accuracy'
Traceback (most recent call last):
  File "/home/adminwsl/unet-env/lib/python3.12/site-packages/pandas/core/indexes/base.py", line 3812, in get_loc
    return self._engine.get_loc(casted_key)
           ^^^^^^^^^^^^^^^^^^^^^^^^^^^^^^^^
  File "pandas/_libs/index.pyx", line 167, in pandas._libs.index.IndexEngine.get_loc
  File "pandas/_libs/index.pyx", line 196, in pandas._libs.index.IndexEngine.get_loc
  File "pandas/_libs/hashtable_class_helper.pxi", line 7088, in pandas._libs.hashtable.PyObjectHashTable.get_item
  File "pandas/_libs/hashtable_class_helper.pxi", line 7096, in pandas._libs.hashtable.PyObjectHashTable.get_item
KeyError: 'sparse_categorical_accuracy'

The above exception was the direct cause of the following exception:

Traceback (most recent call last):
  File "/mnt/d/VSC_Progs/G_Intel_4/image_classification_project/train.py", line 29, in main
    evaluator.evaluate(val_ds, history)
  File "/mnt/d/VSC_Progs/G_Intel_4/image_classification_project/src/evaluation/evaluator.py", line 18, in evaluate
    self._plot_history(history)
  File "/mnt/d/VSC_Progs/G_Intel_4/image_classification_project/src/evaluation/evaluator.py", line 32, in _plot_history
    plt.plot(hist_df['sparse_categorical_accuracy'], label='Train Acc')
             ~~~~~~~^^^^^^^^^^^^^^^^^^^^^^^^^^^^^^^
  File "/home/adminwsl/unet-env/lib/python3.12/site-packages/pandas/core/frame.py", line 4113, in __getitem__
    indexer = self.columns.get_loc(key)
              ^^^^^^^^^^^^^^^^^^^^^^^^^
  File "/home/adminwsl/unet-env/lib/python3.12/site-packages/pandas/core/indexes/base.py", line 3819, in get_loc
    raise KeyError(key) from err
KeyError: 'sparse_categorical_accuracy'
2026-03-18 12:35:45,028 - TrainerLogger - INFO - Scanning for unique classes in JSON files...
2026-03-18 12:35:45,563 - TrainerLogger - INFO - Classes found (12): ['background', 'BS_CL_es', 'BS_CL_intermediate', 'Obstacle_CL_ground', 'Obstacle_CL_ground1', 'Obstacle_CL_rail', 'Obstacle_CL_road', 'Obstacle_CL_water', 'Other_CL_sky', 'Superstructure_CL_cons', 'Superstructure_CL_cons_under', 'Superstructure_CL_road']
2026-03-18 12:35:45,565 - TrainerLogger - INFO - Class mapping saved to /mnt/d/VSC_Progs/G_Intel_4/image_classification_project/artifacts/label_map.json
2026-03-18 12:35:47,069 - TrainerLogger - INFO - Building U-Net Semantic Segmentation model...
2026-03-18 12:35:47,504 - TrainerLogger - INFO - U-Net model compiled successfully.
2026-03-18 12:35:47,514 - TrainerLogger - INFO - Model: "functional"
┏━━━━━━━━━━━━━━━━━━━━━━━━━━━━━━━┳━━━━━━━━━━━━━━━━━━━━━━━━━━━┳━━━━━━━━━━━━━━━━━┳━━━━━━━━━━━━━━━━━━━━━━━━━━━━┓
┃ Layer (type)                  ┃ Output Shape              ┃         Param # ┃ Connected to               ┃
┡━━━━━━━━━━━━━━━━━━━━━━━━━━━━━━━╇━━━━━━━━━━━━━━━━━━━━━━━━━━━╇━━━━━━━━━━━━━━━━━╇━━━━━━━━━━━━━━━━━━━━━━━━━━━━┩
│ input_layer (InputLayer)      │ (None, 512, 512, 3)       │               0 │ -                          │
├───────────────────────────────┼───────────────────────────┼─────────────────┼────────────────────────────┤
│ rescaling (Rescaling)         │ (None, 512, 512, 3)       │               0 │ input_layer[0][0]          │
├───────────────────────────────┼───────────────────────────┼─────────────────┼────────────────────────────┤
│ conv2d (Conv2D)               │ (None, 512, 512, 32)      │             896 │ rescaling[0][0]            │
├───────────────────────────────┼───────────────────────────┼─────────────────┼────────────────────────────┤
│ conv2d_1 (Conv2D)             │ (None, 512, 512, 32)      │           9,248 │ conv2d[0][0]               │
├───────────────────────────────┼───────────────────────────┼─────────────────┼────────────────────────────┤
│ max_pooling2d (MaxPooling2D)  │ (None, 256, 256, 32)      │               0 │ conv2d_1[0][0]             │
├───────────────────────────────┼───────────────────────────┼─────────────────┼────────────────────────────┤
│ conv2d_2 (Conv2D)             │ (None, 256, 256, 64)      │          18,496 │ max_pooling2d[0][0]        │
├───────────────────────────────┼───────────────────────────┼─────────────────┼────────────────────────────┤
│ conv2d_3 (Conv2D)             │ (None, 256, 256, 64)      │          36,928 │ conv2d_2[0][0]             │
├───────────────────────────────┼───────────────────────────┼─────────────────┼────────────────────────────┤
│ max_pooling2d_1               │ (None, 128, 128, 64)      │               0 │ conv2d_3[0][0]             │
│ (MaxPooling2D)                │                           │                 │                            │
├───────────────────────────────┼───────────────────────────┼─────────────────┼────────────────────────────┤
│ conv2d_4 (Conv2D)             │ (None, 128, 128, 128)     │          73,856 │ max_pooling2d_1[0][0]      │
├───────────────────────────────┼───────────────────────────┼─────────────────┼────────────────────────────┤
│ conv2d_5 (Conv2D)             │ (None, 128, 128, 128)     │         147,584 │ conv2d_4[0][0]             │
├───────────────────────────────┼───────────────────────────┼─────────────────┼────────────────────────────┤
│ max_pooling2d_2               │ (None, 64, 64, 128)       │               0 │ conv2d_5[0][0]             │
│ (MaxPooling2D)                │                           │                 │                            │
├───────────────────────────────┼───────────────────────────┼─────────────────┼────────────────────────────┤
│ conv2d_6 (Conv2D)             │ (None, 64, 64, 256)       │         295,168 │ max_pooling2d_2[0][0]      │
├───────────────────────────────┼───────────────────────────┼─────────────────┼────────────────────────────┤
│ conv2d_7 (Conv2D)             │ (None, 64, 64, 256)       │         590,080 │ conv2d_6[0][0]             │
├───────────────────────────────┼───────────────────────────┼─────────────────┼────────────────────────────┤
│ up_sampling2d (UpSampling2D)  │ (None, 128, 128, 256)     │               0 │ conv2d_7[0][0]             │
├───────────────────────────────┼───────────────────────────┼─────────────────┼────────────────────────────┤
│ concatenate (Concatenate)     │ (None, 128, 128, 384)     │               0 │ up_sampling2d[0][0],       │
│                               │                           │                 │ conv2d_5[0][0]             │
├───────────────────────────────┼───────────────────────────┼─────────────────┼────────────────────────────┤
│ conv2d_8 (Conv2D)             │ (None, 128, 128, 128)     │         442,496 │ concatenate[0][0]          │
├───────────────────────────────┼───────────────────────────┼─────────────────┼────────────────────────────┤
│ conv2d_9 (Conv2D)             │ (None, 128, 128, 128)     │         147,584 │ conv2d_8[0][0]             │
├───────────────────────────────┼───────────────────────────┼─────────────────┼────────────────────────────┤
│ up_sampling2d_1               │ (None, 256, 256, 128)     │               0 │ conv2d_9[0][0]             │
│ (UpSampling2D)                │                           │                 │                            │
├───────────────────────────────┼───────────────────────────┼─────────────────┼────────────────────────────┤
│ concatenate_1 (Concatenate)   │ (None, 256, 256, 192)     │               0 │ up_sampling2d_1[0][0],     │
│                               │                           │                 │ conv2d_3[0][0]             │
├───────────────────────────────┼───────────────────────────┼─────────────────┼────────────────────────────┤
│ conv2d_10 (Conv2D)            │ (None, 256, 256, 64)      │         110,656 │ concatenate_1[0][0]        │
├───────────────────────────────┼───────────────────────────┼─────────────────┼────────────────────────────┤
│ conv2d_11 (Conv2D)            │ (None, 256, 256, 64)      │          36,928 │ conv2d_10[0][0]            │
├───────────────────────────────┼───────────────────────────┼─────────────────┼────────────────────────────┤
│ up_sampling2d_2               │ (None, 512, 512, 64)      │               0 │ conv2d_11[0][0]            │
│ (UpSampling2D)                │                           │                 │                            │
├───────────────────────────────┼───────────────────────────┼─────────────────┼────────────────────────────┤
│ concatenate_2 (Concatenate)   │ (None, 512, 512, 96)      │               0 │ up_sampling2d_2[0][0],     │
│                               │                           │                 │ conv2d_1[0][0]             │
├───────────────────────────────┼───────────────────────────┼─────────────────┼────────────────────────────┤
│ conv2d_12 (Conv2D)            │ (None, 512, 512, 32)      │          27,680 │ concatenate_2[0][0]        │
├───────────────────────────────┼───────────────────────────┼─────────────────┼────────────────────────────┤
│ conv2d_13 (Conv2D)            │ (None, 512, 512, 32)      │           9,248 │ conv2d_12[0][0]            │
├───────────────────────────────┼───────────────────────────┼─────────────────┼────────────────────────────┤
│ conv2d_14 (Conv2D)            │ (None, 512, 512, 12)      │             396 │ conv2d_13[0][0]            │
└───────────────────────────────┴───────────────────────────┴─────────────────┴────────────────────────────┘
 Total params: 1,947,244 (7.43 MB)
 Trainable params: 1,947,244 (7.43 MB)
 Non-trainable params: 0 (0.00 B)

2026-03-18 12:35:47,514 - TrainerLogger - INFO - Starting U-Net training process...
2026-03-18 12:39:01,484 - TrainerLogger - INFO - Training completed. Final model saved to /mnt/d/VSC_Progs/G_Intel_4/image_classification_project/models/final_model.keras
2026-03-18 12:39:01,485 - TrainerLogger - INFO - Generating training history plots...
2026-03-18 12:39:01,676 - TrainerLogger - INFO - Evaluation complete.
2026-03-18 12:39:01,677 - TrainerLogger - INFO - Segmentation training finished successfully.
2026-03-18 12:41:04,709 - TrainerLogger - INFO - Scanning for unique classes in JSON files...
2026-03-18 12:41:05,308 - TrainerLogger - INFO - Classes found (12): ['background', 'BS_CL_es', 'BS_CL_intermediate', 'Obstacle_CL_ground', 'Obstacle_CL_ground1', 'Obstacle_CL_rail', 'Obstacle_CL_road', 'Obstacle_CL_water', 'Other_CL_sky', 'Superstructure_CL_cons', 'Superstructure_CL_cons_under', 'Superstructure_CL_road']
2026-03-18 12:41:05,311 - TrainerLogger - INFO - Class mapping saved to /mnt/d/VSC_Progs/G_Intel_4/image_classification_project/artifacts/label_map.json
2026-03-18 12:41:07,864 - TrainerLogger - INFO - Building U-Net Semantic Segmentation model...
2026-03-18 12:41:08,310 - TrainerLogger - INFO - U-Net model compiled successfully.
2026-03-18 12:41:08,320 - TrainerLogger - INFO - Model: "functional"
┏━━━━━━━━━━━━━━━━━━━━━━━━━━━━━━━┳━━━━━━━━━━━━━━━━━━━━━━━━━━━┳━━━━━━━━━━━━━━━━━┳━━━━━━━━━━━━━━━━━━━━━━━━━━━━┓
┃ Layer (type)                  ┃ Output Shape              ┃         Param # ┃ Connected to               ┃
┡━━━━━━━━━━━━━━━━━━━━━━━━━━━━━━━╇━━━━━━━━━━━━━━━━━━━━━━━━━━━╇━━━━━━━━━━━━━━━━━╇━━━━━━━━━━━━━━━━━━━━━━━━━━━━┩
│ input_layer (InputLayer)      │ (None, 512, 512, 3)       │               0 │ -                          │
├───────────────────────────────┼───────────────────────────┼─────────────────┼────────────────────────────┤
│ rescaling (Rescaling)         │ (None, 512, 512, 3)       │               0 │ input_layer[0][0]          │
├───────────────────────────────┼───────────────────────────┼─────────────────┼────────────────────────────┤
│ conv2d (Conv2D)               │ (None, 512, 512, 32)      │             896 │ rescaling[0][0]            │
├───────────────────────────────┼───────────────────────────┼─────────────────┼────────────────────────────┤
│ conv2d_1 (Conv2D)             │ (None, 512, 512, 32)      │           9,248 │ conv2d[0][0]               │
├───────────────────────────────┼───────────────────────────┼─────────────────┼────────────────────────────┤
│ max_pooling2d (MaxPooling2D)  │ (None, 256, 256, 32)      │               0 │ conv2d_1[0][0]             │
├───────────────────────────────┼───────────────────────────┼─────────────────┼────────────────────────────┤
│ conv2d_2 (Conv2D)             │ (None, 256, 256, 64)      │          18,496 │ max_pooling2d[0][0]        │
├───────────────────────────────┼───────────────────────────┼─────────────────┼────────────────────────────┤
│ conv2d_3 (Conv2D)             │ (None, 256, 256, 64)      │          36,928 │ conv2d_2[0][0]             │
├───────────────────────────────┼───────────────────────────┼─────────────────┼────────────────────────────┤
│ max_pooling2d_1               │ (None, 128, 128, 64)      │               0 │ conv2d_3[0][0]             │
│ (MaxPooling2D)                │                           │                 │                            │
├───────────────────────────────┼───────────────────────────┼─────────────────┼────────────────────────────┤
│ conv2d_4 (Conv2D)             │ (None, 128, 128, 128)     │          73,856 │ max_pooling2d_1[0][0]      │
├───────────────────────────────┼───────────────────────────┼─────────────────┼────────────────────────────┤
│ conv2d_5 (Conv2D)             │ (None, 128, 128, 128)     │         147,584 │ conv2d_4[0][0]             │
├───────────────────────────────┼───────────────────────────┼─────────────────┼────────────────────────────┤
│ max_pooling2d_2               │ (None, 64, 64, 128)       │               0 │ conv2d_5[0][0]             │
│ (MaxPooling2D)                │                           │                 │                            │
├───────────────────────────────┼───────────────────────────┼─────────────────┼────────────────────────────┤
│ conv2d_6 (Conv2D)             │ (None, 64, 64, 256)       │         295,168 │ max_pooling2d_2[0][0]      │
├───────────────────────────────┼───────────────────────────┼─────────────────┼────────────────────────────┤
│ conv2d_7 (Conv2D)             │ (None, 64, 64, 256)       │         590,080 │ conv2d_6[0][0]             │
├───────────────────────────────┼───────────────────────────┼─────────────────┼────────────────────────────┤
│ up_sampling2d (UpSampling2D)  │ (None, 128, 128, 256)     │               0 │ conv2d_7[0][0]             │
├───────────────────────────────┼───────────────────────────┼─────────────────┼────────────────────────────┤
│ concatenate (Concatenate)     │ (None, 128, 128, 384)     │               0 │ up_sampling2d[0][0],       │
│                               │                           │                 │ conv2d_5[0][0]             │
├───────────────────────────────┼───────────────────────────┼─────────────────┼────────────────────────────┤
│ conv2d_8 (Conv2D)             │ (None, 128, 128, 128)     │         442,496 │ concatenate[0][0]          │
├───────────────────────────────┼───────────────────────────┼─────────────────┼────────────────────────────┤
│ conv2d_9 (Conv2D)             │ (None, 128, 128, 128)     │         147,584 │ conv2d_8[0][0]             │
├───────────────────────────────┼───────────────────────────┼─────────────────┼────────────────────────────┤
│ up_sampling2d_1               │ (None, 256, 256, 128)     │               0 │ conv2d_9[0][0]             │
│ (UpSampling2D)                │                           │                 │                            │
├───────────────────────────────┼───────────────────────────┼─────────────────┼────────────────────────────┤
│ concatenate_1 (Concatenate)   │ (None, 256, 256, 192)     │               0 │ up_sampling2d_1[0][0],     │
│                               │                           │                 │ conv2d_3[0][0]             │
├───────────────────────────────┼───────────────────────────┼─────────────────┼────────────────────────────┤
│ conv2d_10 (Conv2D)            │ (None, 256, 256, 64)      │         110,656 │ concatenate_1[0][0]        │
├───────────────────────────────┼───────────────────────────┼─────────────────┼────────────────────────────┤
│ conv2d_11 (Conv2D)            │ (None, 256, 256, 64)      │          36,928 │ conv2d_10[0][0]            │
├───────────────────────────────┼───────────────────────────┼─────────────────┼────────────────────────────┤
│ up_sampling2d_2               │ (None, 512, 512, 64)      │               0 │ conv2d_11[0][0]            │
│ (UpSampling2D)                │                           │                 │                            │
├───────────────────────────────┼───────────────────────────┼─────────────────┼────────────────────────────┤
│ concatenate_2 (Concatenate)   │ (None, 512, 512, 96)      │               0 │ up_sampling2d_2[0][0],     │
│                               │                           │                 │ conv2d_1[0][0]             │
├───────────────────────────────┼───────────────────────────┼─────────────────┼────────────────────────────┤
│ conv2d_12 (Conv2D)            │ (None, 512, 512, 32)      │          27,680 │ concatenate_2[0][0]        │
├───────────────────────────────┼───────────────────────────┼─────────────────┼────────────────────────────┤
│ conv2d_13 (Conv2D)            │ (None, 512, 512, 32)      │           9,248 │ conv2d_12[0][0]            │
├───────────────────────────────┼───────────────────────────┼─────────────────┼────────────────────────────┤
│ conv2d_14 (Conv2D)            │ (None, 512, 512, 12)      │             396 │ conv2d_13[0][0]            │
└───────────────────────────────┴───────────────────────────┴─────────────────┴────────────────────────────┘
 Total params: 1,947,244 (7.43 MB)
 Trainable params: 1,947,244 (7.43 MB)
 Non-trainable params: 0 (0.00 B)

2026-03-18 12:41:08,321 - TrainerLogger - INFO - Starting U-Net training process...
2026-03-18 12:42:29,709 - TrainerLogger - INFO - 🚀 Зафиксировано классов: 3 (['Background', 'BS_CL_intermediate', 'Superstructure_CL_cons_under'])
2026-03-18 12:42:29,713 - TrainerLogger - INFO - 📁 Папка train: Найдено 166 файлов разметки.
2026-03-18 12:42:30,310 - TrainerLogger - INFO - 📁 Папка val: Найдено 52 файлов разметки.
2026-03-18 12:42:31,182 - TrainerLogger - INFO - Building U-Net Semantic Segmentation model...
2026-03-18 12:42:31,618 - TrainerLogger - INFO - U-Net model compiled successfully.
2026-03-18 12:42:31,628 - TrainerLogger - INFO - Model: "functional"
┏━━━━━━━━━━━━━━━━━━━━━━━━━━━━━━━┳━━━━━━━━━━━━━━━━━━━━━━━━━━━┳━━━━━━━━━━━━━━━━━┳━━━━━━━━━━━━━━━━━━━━━━━━━━━━┓
┃ Layer (type)                  ┃ Output Shape              ┃         Param # ┃ Connected to               ┃
┡━━━━━━━━━━━━━━━━━━━━━━━━━━━━━━━╇━━━━━━━━━━━━━━━━━━━━━━━━━━━╇━━━━━━━━━━━━━━━━━╇━━━━━━━━━━━━━━━━━━━━━━━━━━━━┩
│ input_layer (InputLayer)      │ (None, 512, 512, 3)       │               0 │ -                          │
├───────────────────────────────┼───────────────────────────┼─────────────────┼────────────────────────────┤
│ rescaling (Rescaling)         │ (None, 512, 512, 3)       │               0 │ input_layer[0][0]          │
├───────────────────────────────┼───────────────────────────┼─────────────────┼────────────────────────────┤
│ conv2d (Conv2D)               │ (None, 512, 512, 32)      │             896 │ rescaling[0][0]            │
├───────────────────────────────┼───────────────────────────┼─────────────────┼────────────────────────────┤
│ conv2d_1 (Conv2D)             │ (None, 512, 512, 32)      │           9,248 │ conv2d[0][0]               │
├───────────────────────────────┼───────────────────────────┼─────────────────┼────────────────────────────┤
│ max_pooling2d (MaxPooling2D)  │ (None, 256, 256, 32)      │               0 │ conv2d_1[0][0]             │
├───────────────────────────────┼───────────────────────────┼─────────────────┼────────────────────────────┤
│ conv2d_2 (Conv2D)             │ (None, 256, 256, 64)      │          18,496 │ max_pooling2d[0][0]        │
├───────────────────────────────┼───────────────────────────┼─────────────────┼────────────────────────────┤
│ conv2d_3 (Conv2D)             │ (None, 256, 256, 64)      │          36,928 │ conv2d_2[0][0]             │
├───────────────────────────────┼───────────────────────────┼─────────────────┼────────────────────────────┤
│ max_pooling2d_1               │ (None, 128, 128, 64)      │               0 │ conv2d_3[0][0]             │
│ (MaxPooling2D)                │                           │                 │                            │
├───────────────────────────────┼───────────────────────────┼─────────────────┼────────────────────────────┤
│ conv2d_4 (Conv2D)             │ (None, 128, 128, 128)     │          73,856 │ max_pooling2d_1[0][0]      │
├───────────────────────────────┼───────────────────────────┼─────────────────┼────────────────────────────┤
│ conv2d_5 (Conv2D)             │ (None, 128, 128, 128)     │         147,584 │ conv2d_4[0][0]             │
├───────────────────────────────┼───────────────────────────┼─────────────────┼────────────────────────────┤
│ max_pooling2d_2               │ (None, 64, 64, 128)       │               0 │ conv2d_5[0][0]             │
│ (MaxPooling2D)                │                           │                 │                            │
├───────────────────────────────┼───────────────────────────┼─────────────────┼────────────────────────────┤
│ conv2d_6 (Conv2D)             │ (None, 64, 64, 256)       │         295,168 │ max_pooling2d_2[0][0]      │
├───────────────────────────────┼───────────────────────────┼─────────────────┼────────────────────────────┤
│ conv2d_7 (Conv2D)             │ (None, 64, 64, 256)       │         590,080 │ conv2d_6[0][0]             │
├───────────────────────────────┼───────────────────────────┼─────────────────┼────────────────────────────┤
│ up_sampling2d (UpSampling2D)  │ (None, 128, 128, 256)     │               0 │ conv2d_7[0][0]             │
├───────────────────────────────┼───────────────────────────┼─────────────────┼────────────────────────────┤
│ concatenate (Concatenate)     │ (None, 128, 128, 384)     │               0 │ up_sampling2d[0][0],       │
│                               │                           │                 │ conv2d_5[0][0]             │
├───────────────────────────────┼───────────────────────────┼─────────────────┼────────────────────────────┤
│ conv2d_8 (Conv2D)             │ (None, 128, 128, 128)     │         442,496 │ concatenate[0][0]          │
├───────────────────────────────┼───────────────────────────┼─────────────────┼────────────────────────────┤
│ conv2d_9 (Conv2D)             │ (None, 128, 128, 128)     │         147,584 │ conv2d_8[0][0]             │
├───────────────────────────────┼───────────────────────────┼─────────────────┼────────────────────────────┤
│ up_sampling2d_1               │ (None, 256, 256, 128)     │               0 │ conv2d_9[0][0]             │
│ (UpSampling2D)                │                           │                 │                            │
├───────────────────────────────┼───────────────────────────┼─────────────────┼────────────────────────────┤
│ concatenate_1 (Concatenate)   │ (None, 256, 256, 192)     │               0 │ up_sampling2d_1[0][0],     │
│                               │                           │                 │ conv2d_3[0][0]             │
├───────────────────────────────┼───────────────────────────┼─────────────────┼────────────────────────────┤
│ conv2d_10 (Conv2D)            │ (None, 256, 256, 64)      │         110,656 │ concatenate_1[0][0]        │
├───────────────────────────────┼───────────────────────────┼─────────────────┼────────────────────────────┤
│ conv2d_11 (Conv2D)            │ (None, 256, 256, 64)      │          36,928 │ conv2d_10[0][0]            │
├───────────────────────────────┼───────────────────────────┼─────────────────┼────────────────────────────┤
│ up_sampling2d_2               │ (None, 512, 512, 64)      │               0 │ conv2d_11[0][0]            │
│ (UpSampling2D)                │                           │                 │                            │
├───────────────────────────────┼───────────────────────────┼─────────────────┼────────────────────────────┤
│ concatenate_2 (Concatenate)   │ (None, 512, 512, 96)      │               0 │ up_sampling2d_2[0][0],     │
│                               │                           │                 │ conv2d_1[0][0]             │
├───────────────────────────────┼───────────────────────────┼─────────────────┼────────────────────────────┤
│ conv2d_12 (Conv2D)            │ (None, 512, 512, 32)      │          27,680 │ concatenate_2[0][0]        │
├───────────────────────────────┼───────────────────────────┼─────────────────┼────────────────────────────┤
│ conv2d_13 (Conv2D)            │ (None, 512, 512, 32)      │           9,248 │ conv2d_12[0][0]            │
├───────────────────────────────┼───────────────────────────┼─────────────────┼────────────────────────────┤
│ conv2d_14 (Conv2D)            │ (None, 512, 512, 3)       │              99 │ conv2d_13[0][0]            │
└───────────────────────────────┴───────────────────────────┴─────────────────┴────────────────────────────┘
 Total params: 1,946,947 (7.43 MB)
 Trainable params: 1,946,947 (7.43 MB)
 Non-trainable params: 0 (0.00 B)

2026-03-18 12:42:31,629 - TrainerLogger - INFO - Starting U-Net training process...
2026-03-18 12:45:31,874 - TrainerLogger - INFO - 🚀 Зафиксировано классов: 12 (['Background', 'BS_CL_es', 'BS_CL_intermediate', 'Obstacle_CL_ground', 'Obstacle_CL_ground1', 'Obstacle_CL_rail', 'Obstacle_CL_road', 'Obstacle_CL_water', 'Other_CL_sky', 'Superstructure_CL_cons', 'Superstructure_CL_cons_under', 'Superstructure_CL_road'])
2026-03-18 12:45:31,878 - TrainerLogger - INFO - 📁 Папка train: Найдено 166 файлов разметки.
2026-03-18 12:45:32,474 - TrainerLogger - INFO - 📁 Папка val: Найдено 52 файлов разметки.
2026-03-18 12:45:33,261 - TrainerLogger - INFO - Building U-Net Semantic Segmentation model...
2026-03-18 12:45:33,697 - TrainerLogger - INFO - U-Net model compiled successfully.
2026-03-18 12:45:33,708 - TrainerLogger - INFO - Model: "functional"
┏━━━━━━━━━━━━━━━━━━━━━━━━━━━━━━━┳━━━━━━━━━━━━━━━━━━━━━━━━━━━┳━━━━━━━━━━━━━━━━━┳━━━━━━━━━━━━━━━━━━━━━━━━━━━━┓
┃ Layer (type)                  ┃ Output Shape              ┃         Param # ┃ Connected to               ┃
┡━━━━━━━━━━━━━━━━━━━━━━━━━━━━━━━╇━━━━━━━━━━━━━━━━━━━━━━━━━━━╇━━━━━━━━━━━━━━━━━╇━━━━━━━━━━━━━━━━━━━━━━━━━━━━┩
│ input_layer (InputLayer)      │ (None, 512, 512, 3)       │               0 │ -                          │
├───────────────────────────────┼───────────────────────────┼─────────────────┼────────────────────────────┤
│ rescaling (Rescaling)         │ (None, 512, 512, 3)       │               0 │ input_layer[0][0]          │
├───────────────────────────────┼───────────────────────────┼─────────────────┼────────────────────────────┤
│ conv2d (Conv2D)               │ (None, 512, 512, 32)      │             896 │ rescaling[0][0]            │
├───────────────────────────────┼───────────────────────────┼─────────────────┼────────────────────────────┤
│ conv2d_1 (Conv2D)             │ (None, 512, 512, 32)      │           9,248 │ conv2d[0][0]               │
├───────────────────────────────┼───────────────────────────┼─────────────────┼────────────────────────────┤
│ max_pooling2d (MaxPooling2D)  │ (None, 256, 256, 32)      │               0 │ conv2d_1[0][0]             │
├───────────────────────────────┼───────────────────────────┼─────────────────┼────────────────────────────┤
│ conv2d_2 (Conv2D)             │ (None, 256, 256, 64)      │          18,496 │ max_pooling2d[0][0]        │
├───────────────────────────────┼───────────────────────────┼─────────────────┼────────────────────────────┤
│ conv2d_3 (Conv2D)             │ (None, 256, 256, 64)      │          36,928 │ conv2d_2[0][0]             │
├───────────────────────────────┼───────────────────────────┼─────────────────┼────────────────────────────┤
│ max_pooling2d_1               │ (None, 128, 128, 64)      │               0 │ conv2d_3[0][0]             │
│ (MaxPooling2D)                │                           │                 │                            │
├───────────────────────────────┼───────────────────────────┼─────────────────┼────────────────────────────┤
│ conv2d_4 (Conv2D)             │ (None, 128, 128, 128)     │          73,856 │ max_pooling2d_1[0][0]      │
├───────────────────────────────┼───────────────────────────┼─────────────────┼────────────────────────────┤
│ conv2d_5 (Conv2D)             │ (None, 128, 128, 128)     │         147,584 │ conv2d_4[0][0]             │
├───────────────────────────────┼───────────────────────────┼─────────────────┼────────────────────────────┤
│ max_pooling2d_2               │ (None, 64, 64, 128)       │               0 │ conv2d_5[0][0]             │
│ (MaxPooling2D)                │                           │                 │                            │
├───────────────────────────────┼───────────────────────────┼─────────────────┼────────────────────────────┤
│ conv2d_6 (Conv2D)             │ (None, 64, 64, 256)       │         295,168 │ max_pooling2d_2[0][0]      │
├───────────────────────────────┼───────────────────────────┼─────────────────┼────────────────────────────┤
│ conv2d_7 (Conv2D)             │ (None, 64, 64, 256)       │         590,080 │ conv2d_6[0][0]             │
├───────────────────────────────┼───────────────────────────┼─────────────────┼────────────────────────────┤
│ up_sampling2d (UpSampling2D)  │ (None, 128, 128, 256)     │               0 │ conv2d_7[0][0]             │
├───────────────────────────────┼───────────────────────────┼─────────────────┼────────────────────────────┤
│ concatenate (Concatenate)     │ (None, 128, 128, 384)     │               0 │ up_sampling2d[0][0],       │
│                               │                           │                 │ conv2d_5[0][0]             │
├───────────────────────────────┼───────────────────────────┼─────────────────┼────────────────────────────┤
│ conv2d_8 (Conv2D)             │ (None, 128, 128, 128)     │         442,496 │ concatenate[0][0]          │
├───────────────────────────────┼───────────────────────────┼─────────────────┼────────────────────────────┤
│ conv2d_9 (Conv2D)             │ (None, 128, 128, 128)     │         147,584 │ conv2d_8[0][0]             │
├───────────────────────────────┼───────────────────────────┼─────────────────┼────────────────────────────┤
│ up_sampling2d_1               │ (None, 256, 256, 128)     │               0 │ conv2d_9[0][0]             │
│ (UpSampling2D)                │                           │                 │                            │
├───────────────────────────────┼───────────────────────────┼─────────────────┼────────────────────────────┤
│ concatenate_1 (Concatenate)   │ (None, 256, 256, 192)     │               0 │ up_sampling2d_1[0][0],     │
│                               │                           │                 │ conv2d_3[0][0]             │
├───────────────────────────────┼───────────────────────────┼─────────────────┼────────────────────────────┤
│ conv2d_10 (Conv2D)            │ (None, 256, 256, 64)      │         110,656 │ concatenate_1[0][0]        │
├───────────────────────────────┼───────────────────────────┼─────────────────┼────────────────────────────┤
│ conv2d_11 (Conv2D)            │ (None, 256, 256, 64)      │          36,928 │ conv2d_10[0][0]            │
├───────────────────────────────┼───────────────────────────┼─────────────────┼────────────────────────────┤
│ up_sampling2d_2               │ (None, 512, 512, 64)      │               0 │ conv2d_11[0][0]            │
│ (UpSampling2D)                │                           │                 │                            │
├───────────────────────────────┼───────────────────────────┼─────────────────┼────────────────────────────┤
│ concatenate_2 (Concatenate)   │ (None, 512, 512, 96)      │               0 │ up_sampling2d_2[0][0],     │
│                               │                           │                 │ conv2d_1[0][0]             │
├───────────────────────────────┼───────────────────────────┼─────────────────┼────────────────────────────┤
│ conv2d_12 (Conv2D)            │ (None, 512, 512, 32)      │          27,680 │ concatenate_2[0][0]        │
├───────────────────────────────┼───────────────────────────┼─────────────────┼────────────────────────────┤
│ conv2d_13 (Conv2D)            │ (None, 512, 512, 32)      │           9,248 │ conv2d_12[0][0]            │
├───────────────────────────────┼───────────────────────────┼─────────────────┼────────────────────────────┤
│ conv2d_14 (Conv2D)            │ (None, 512, 512, 12)      │             396 │ conv2d_13[0][0]            │
└───────────────────────────────┴───────────────────────────┴─────────────────┴────────────────────────────┘
 Total params: 1,947,244 (7.43 MB)
 Trainable params: 1,947,244 (7.43 MB)
 Non-trainable params: 0 (0.00 B)

2026-03-18 12:45:33,708 - TrainerLogger - INFO - Starting U-Net training process...
2026-03-18 12:48:59,892 - TrainerLogger - INFO - Training completed. Final model saved to /mnt/d/VSC_Progs/G_Intel_4/image_classification_project/models/final_model.keras
2026-03-18 12:48:59,892 - TrainerLogger - INFO - Generating training history plots...
2026-03-18 12:49:00,073 - TrainerLogger - INFO - Evaluation complete.
2026-03-18 12:49:00,073 - TrainerLogger - INFO - Segmentation training finished successfully.
2026-03-18 12:53:59,319 - TrainerLogger - INFO - 🚀 Зафиксировано классов: 12 (['Background', 'BS_CL_es', 'BS_CL_intermediate', 'Obstacle_CL_ground', 'Obstacle_CL_ground1', 'Obstacle_CL_rail', 'Obstacle_CL_road', 'Obstacle_CL_water', 'Other_CL_sky', 'Superstructure_CL_cons', 'Superstructure_CL_cons_under', 'Superstructure_CL_road'])
2026-03-18 12:53:59,323 - TrainerLogger - INFO - 📁 Папка train: Найдено 210 файлов разметки.
2026-03-18 12:53:59,901 - TrainerLogger - INFO - 📁 Папка val: Найдено 8 файлов разметки.
2026-03-18 12:54:02,321 - TrainerLogger - INFO - Building U-Net Semantic Segmentation model...
2026-03-18 12:54:02,761 - TrainerLogger - INFO - U-Net model compiled successfully with FOCAL LOSS.
2026-03-18 12:54:02,771 - TrainerLogger - INFO - Model: "functional"
┏━━━━━━━━━━━━━━━━━━━━━━━━━━━━━━━┳━━━━━━━━━━━━━━━━━━━━━━━━━━━┳━━━━━━━━━━━━━━━━━┳━━━━━━━━━━━━━━━━━━━━━━━━━━━━┓
┃ Layer (type)                  ┃ Output Shape              ┃         Param # ┃ Connected to               ┃
┡━━━━━━━━━━━━━━━━━━━━━━━━━━━━━━━╇━━━━━━━━━━━━━━━━━━━━━━━━━━━╇━━━━━━━━━━━━━━━━━╇━━━━━━━━━━━━━━━━━━━━━━━━━━━━┩
│ input_layer (InputLayer)      │ (None, 512, 512, 3)       │               0 │ -                          │
├───────────────────────────────┼───────────────────────────┼─────────────────┼────────────────────────────┤
│ rescaling (Rescaling)         │ (None, 512, 512, 3)       │               0 │ input_layer[0][0]          │
├───────────────────────────────┼───────────────────────────┼─────────────────┼────────────────────────────┤
│ conv2d (Conv2D)               │ (None, 512, 512, 32)      │             896 │ rescaling[0][0]            │
├───────────────────────────────┼───────────────────────────┼─────────────────┼────────────────────────────┤
│ conv2d_1 (Conv2D)             │ (None, 512, 512, 32)      │           9,248 │ conv2d[0][0]               │
├───────────────────────────────┼───────────────────────────┼─────────────────┼────────────────────────────┤
│ max_pooling2d (MaxPooling2D)  │ (None, 256, 256, 32)      │               0 │ conv2d_1[0][0]             │
├───────────────────────────────┼───────────────────────────┼─────────────────┼────────────────────────────┤
│ conv2d_2 (Conv2D)             │ (None, 256, 256, 64)      │          18,496 │ max_pooling2d[0][0]        │
├───────────────────────────────┼───────────────────────────┼─────────────────┼────────────────────────────┤
│ conv2d_3 (Conv2D)             │ (None, 256, 256, 64)      │          36,928 │ conv2d_2[0][0]             │
├───────────────────────────────┼───────────────────────────┼─────────────────┼────────────────────────────┤
│ max_pooling2d_1               │ (None, 128, 128, 64)      │               0 │ conv2d_3[0][0]             │
│ (MaxPooling2D)                │                           │                 │                            │
├───────────────────────────────┼───────────────────────────┼─────────────────┼────────────────────────────┤
│ conv2d_4 (Conv2D)             │ (None, 128, 128, 128)     │          73,856 │ max_pooling2d_1[0][0]      │
├───────────────────────────────┼───────────────────────────┼─────────────────┼────────────────────────────┤
│ conv2d_5 (Conv2D)             │ (None, 128, 128, 128)     │         147,584 │ conv2d_4[0][0]             │
├───────────────────────────────┼───────────────────────────┼─────────────────┼────────────────────────────┤
│ max_pooling2d_2               │ (None, 64, 64, 128)       │               0 │ conv2d_5[0][0]             │
│ (MaxPooling2D)                │                           │                 │                            │
├───────────────────────────────┼───────────────────────────┼─────────────────┼────────────────────────────┤
│ conv2d_6 (Conv2D)             │ (None, 64, 64, 256)       │         295,168 │ max_pooling2d_2[0][0]      │
├───────────────────────────────┼───────────────────────────┼─────────────────┼────────────────────────────┤
│ conv2d_7 (Conv2D)             │ (None, 64, 64, 256)       │         590,080 │ conv2d_6[0][0]             │
├───────────────────────────────┼───────────────────────────┼─────────────────┼────────────────────────────┤
│ up_sampling2d (UpSampling2D)  │ (None, 128, 128, 256)     │               0 │ conv2d_7[0][0]             │
├───────────────────────────────┼───────────────────────────┼─────────────────┼────────────────────────────┤
│ concatenate (Concatenate)     │ (None, 128, 128, 384)     │               0 │ up_sampling2d[0][0],       │
│                               │                           │                 │ conv2d_5[0][0]             │
├───────────────────────────────┼───────────────────────────┼─────────────────┼────────────────────────────┤
│ conv2d_8 (Conv2D)             │ (None, 128, 128, 128)     │         442,496 │ concatenate[0][0]          │
├───────────────────────────────┼───────────────────────────┼─────────────────┼────────────────────────────┤
│ conv2d_9 (Conv2D)             │ (None, 128, 128, 128)     │         147,584 │ conv2d_8[0][0]             │
├───────────────────────────────┼───────────────────────────┼─────────────────┼────────────────────────────┤
│ up_sampling2d_1               │ (None, 256, 256, 128)     │               0 │ conv2d_9[0][0]             │
│ (UpSampling2D)                │                           │                 │                            │
├───────────────────────────────┼───────────────────────────┼─────────────────┼────────────────────────────┤
│ concatenate_1 (Concatenate)   │ (None, 256, 256, 192)     │               0 │ up_sampling2d_1[0][0],     │
│                               │                           │                 │ conv2d_3[0][0]             │
├───────────────────────────────┼───────────────────────────┼─────────────────┼────────────────────────────┤
│ conv2d_10 (Conv2D)            │ (None, 256, 256, 64)      │         110,656 │ concatenate_1[0][0]        │
├───────────────────────────────┼───────────────────────────┼─────────────────┼────────────────────────────┤
│ conv2d_11 (Conv2D)            │ (None, 256, 256, 64)      │          36,928 │ conv2d_10[0][0]            │
├───────────────────────────────┼───────────────────────────┼─────────────────┼────────────────────────────┤
│ up_sampling2d_2               │ (None, 512, 512, 64)      │               0 │ conv2d_11[0][0]            │
│ (UpSampling2D)                │                           │                 │                            │
├───────────────────────────────┼───────────────────────────┼─────────────────┼────────────────────────────┤
│ concatenate_2 (Concatenate)   │ (None, 512, 512, 96)      │               0 │ up_sampling2d_2[0][0],     │
│                               │                           │                 │ conv2d_1[0][0]             │
├───────────────────────────────┼───────────────────────────┼─────────────────┼────────────────────────────┤
│ conv2d_12 (Conv2D)            │ (None, 512, 512, 32)      │          27,680 │ concatenate_2[0][0]        │
├───────────────────────────────┼───────────────────────────┼─────────────────┼────────────────────────────┤
│ conv2d_13 (Conv2D)            │ (None, 512, 512, 32)      │           9,248 │ conv2d_12[0][0]            │
├───────────────────────────────┼───────────────────────────┼─────────────────┼────────────────────────────┤
│ conv2d_14 (Conv2D)            │ (None, 512, 512, 12)      │             396 │ conv2d_13[0][0]            │
└───────────────────────────────┴───────────────────────────┴─────────────────┴────────────────────────────┘
 Total params: 1,947,244 (7.43 MB)
 Trainable params: 1,947,244 (7.43 MB)
 Non-trainable params: 0 (0.00 B)

2026-03-18 12:54:02,772 - TrainerLogger - INFO - Starting U-Net training process...
2026-03-18 12:56:15,540 - TrainerLogger - INFO - Training completed. Final model saved to /mnt/d/VSC_Progs/G_Intel_4/image_classification_project/models/final_model.keras
2026-03-18 12:56:15,541 - TrainerLogger - INFO - Generating training history plots...
2026-03-18 12:56:15,728 - TrainerLogger - INFO - Evaluation complete.
2026-03-18 12:56:15,729 - TrainerLogger - INFO - Segmentation training finished successfully.
2026-03-18 13:03:32,839 - TrainerLogger - INFO - 🚀 Зафиксировано классов: 12 (['Background', 'BS_CL_es', 'BS_CL_intermediate', 'Obstacle_CL_ground', 'Obstacle_CL_ground1', 'Obstacle_CL_rail', 'Obstacle_CL_road', 'Obstacle_CL_water', 'Other_CL_sky', 'Superstructure_CL_cons', 'Superstructure_CL_cons_under', 'Superstructure_CL_road'])
2026-03-18 13:03:32,841 - TrainerLogger - INFO - Class mapping saved to /mnt/d/VSC_Progs/G_Intel_4/image_classification_project/artifacts/label_map.json
2026-03-18 13:03:32,843 - TrainerLogger - INFO - 📁 Папка train: Найдено 210 файлов разметки.
2026-03-18 13:03:33,395 - TrainerLogger - INFO - 📁 Папка val: Найдено 8 файлов разметки.
2026-03-18 13:03:35,881 - TrainerLogger - INFO - Building U-Net Semantic Segmentation model...
2026-03-18 13:03:36,315 - TrainerLogger - INFO - U-Net model compiled successfully with FOCAL LOSS.
2026-03-18 13:03:36,325 - TrainerLogger - INFO - Model: "functional"
┏━━━━━━━━━━━━━━━━━━━━━━━━━━━━━━━┳━━━━━━━━━━━━━━━━━━━━━━━━━━━┳━━━━━━━━━━━━━━━━━┳━━━━━━━━━━━━━━━━━━━━━━━━━━━━┓
┃ Layer (type)                  ┃ Output Shape              ┃         Param # ┃ Connected to               ┃
┡━━━━━━━━━━━━━━━━━━━━━━━━━━━━━━━╇━━━━━━━━━━━━━━━━━━━━━━━━━━━╇━━━━━━━━━━━━━━━━━╇━━━━━━━━━━━━━━━━━━━━━━━━━━━━┩
│ input_layer (InputLayer)      │ (None, 512, 512, 3)       │               0 │ -                          │
├───────────────────────────────┼───────────────────────────┼─────────────────┼────────────────────────────┤
│ rescaling (Rescaling)         │ (None, 512, 512, 3)       │               0 │ input_layer[0][0]          │
├───────────────────────────────┼───────────────────────────┼─────────────────┼────────────────────────────┤
│ conv2d (Conv2D)               │ (None, 512, 512, 32)      │             896 │ rescaling[0][0]            │
├───────────────────────────────┼───────────────────────────┼─────────────────┼────────────────────────────┤
│ conv2d_1 (Conv2D)             │ (None, 512, 512, 32)      │           9,248 │ conv2d[0][0]               │
├───────────────────────────────┼───────────────────────────┼─────────────────┼────────────────────────────┤
│ max_pooling2d (MaxPooling2D)  │ (None, 256, 256, 32)      │               0 │ conv2d_1[0][0]             │
├───────────────────────────────┼───────────────────────────┼─────────────────┼────────────────────────────┤
│ conv2d_2 (Conv2D)             │ (None, 256, 256, 64)      │          18,496 │ max_pooling2d[0][0]        │
├───────────────────────────────┼───────────────────────────┼─────────────────┼────────────────────────────┤
│ conv2d_3 (Conv2D)             │ (None, 256, 256, 64)      │          36,928 │ conv2d_2[0][0]             │
├───────────────────────────────┼───────────────────────────┼─────────────────┼────────────────────────────┤
│ max_pooling2d_1               │ (None, 128, 128, 64)      │               0 │ conv2d_3[0][0]             │
│ (MaxPooling2D)                │                           │                 │                            │
├───────────────────────────────┼───────────────────────────┼─────────────────┼────────────────────────────┤
│ conv2d_4 (Conv2D)             │ (None, 128, 128, 128)     │          73,856 │ max_pooling2d_1[0][0]      │
├───────────────────────────────┼───────────────────────────┼─────────────────┼────────────────────────────┤
│ conv2d_5 (Conv2D)             │ (None, 128, 128, 128)     │         147,584 │ conv2d_4[0][0]             │
├───────────────────────────────┼───────────────────────────┼─────────────────┼────────────────────────────┤
│ max_pooling2d_2               │ (None, 64, 64, 128)       │               0 │ conv2d_5[0][0]             │
│ (MaxPooling2D)                │                           │                 │                            │
├───────────────────────────────┼───────────────────────────┼─────────────────┼────────────────────────────┤
│ conv2d_6 (Conv2D)             │ (None, 64, 64, 256)       │         295,168 │ max_pooling2d_2[0][0]      │
├───────────────────────────────┼───────────────────────────┼─────────────────┼────────────────────────────┤
│ conv2d_7 (Conv2D)             │ (None, 64, 64, 256)       │         590,080 │ conv2d_6[0][0]             │
├───────────────────────────────┼───────────────────────────┼─────────────────┼────────────────────────────┤
│ up_sampling2d (UpSampling2D)  │ (None, 128, 128, 256)     │               0 │ conv2d_7[0][0]             │
├───────────────────────────────┼───────────────────────────┼─────────────────┼────────────────────────────┤
│ concatenate (Concatenate)     │ (None, 128, 128, 384)     │               0 │ up_sampling2d[0][0],       │
│                               │                           │                 │ conv2d_5[0][0]             │
├───────────────────────────────┼───────────────────────────┼─────────────────┼────────────────────────────┤
│ conv2d_8 (Conv2D)             │ (None, 128, 128, 128)     │         442,496 │ concatenate[0][0]          │
├───────────────────────────────┼───────────────────────────┼─────────────────┼────────────────────────────┤
│ conv2d_9 (Conv2D)             │ (None, 128, 128, 128)     │         147,584 │ conv2d_8[0][0]             │
├───────────────────────────────┼───────────────────────────┼─────────────────┼────────────────────────────┤
│ up_sampling2d_1               │ (None, 256, 256, 128)     │               0 │ conv2d_9[0][0]             │
│ (UpSampling2D)                │                           │                 │                            │
├───────────────────────────────┼───────────────────────────┼─────────────────┼────────────────────────────┤
│ concatenate_1 (Concatenate)   │ (None, 256, 256, 192)     │               0 │ up_sampling2d_1[0][0],     │
│                               │                           │                 │ conv2d_3[0][0]             │
├───────────────────────────────┼───────────────────────────┼─────────────────┼────────────────────────────┤
│ conv2d_10 (Conv2D)            │ (None, 256, 256, 64)      │         110,656 │ concatenate_1[0][0]        │
├───────────────────────────────┼───────────────────────────┼─────────────────┼────────────────────────────┤
│ conv2d_11 (Conv2D)            │ (None, 256, 256, 64)      │          36,928 │ conv2d_10[0][0]            │
├───────────────────────────────┼───────────────────────────┼─────────────────┼────────────────────────────┤
│ up_sampling2d_2               │ (None, 512, 512, 64)      │               0 │ conv2d_11[0][0]            │
│ (UpSampling2D)                │                           │                 │                            │
├───────────────────────────────┼───────────────────────────┼─────────────────┼────────────────────────────┤
│ concatenate_2 (Concatenate)   │ (None, 512, 512, 96)      │               0 │ up_sampling2d_2[0][0],     │
│                               │                           │                 │ conv2d_1[0][0]             │
├───────────────────────────────┼───────────────────────────┼─────────────────┼────────────────────────────┤
│ conv2d_12 (Conv2D)            │ (None, 512, 512, 32)      │          27,680 │ concatenate_2[0][0]        │
├───────────────────────────────┼───────────────────────────┼─────────────────┼────────────────────────────┤
│ conv2d_13 (Conv2D)            │ (None, 512, 512, 32)      │           9,248 │ conv2d_12[0][0]            │
├───────────────────────────────┼───────────────────────────┼─────────────────┼────────────────────────────┤
│ conv2d_14 (Conv2D)            │ (None, 512, 512, 12)      │             396 │ conv2d_13[0][0]            │
└───────────────────────────────┴───────────────────────────┴─────────────────┴────────────────────────────┘
 Total params: 1,947,244 (7.43 MB)
 Trainable params: 1,947,244 (7.43 MB)
 Non-trainable params: 0 (0.00 B)

2026-03-18 13:03:36,325 - TrainerLogger - INFO - Starting U-Net training process...
2026-03-18 13:05:51,196 - TrainerLogger - INFO - Training completed. Final model saved to /mnt/d/VSC_Progs/G_Intel_4/image_classification_project/models/final_model.keras
2026-03-18 13:05:51,196 - TrainerLogger - INFO - Generating training history plots...
2026-03-18 13:05:51,375 - TrainerLogger - INFO - Evaluation complete.
2026-03-18 13:05:51,375 - TrainerLogger - INFO - Segmentation training finished successfully.
2026-03-18 13:15:23,568 - TrainerLogger - INFO - 🚀 Зафиксировано классов: 12 (['Background', 'BS_CL_es', 'BS_CL_intermediate', 'Obstacle_CL_ground', 'Obstacle_CL_ground1', 'Obstacle_CL_rail', 'Obstacle_CL_road', 'Obstacle_CL_water', 'Other_CL_sky', 'Superstructure_CL_cons', 'Superstructure_CL_cons_under', 'Superstructure_CL_road'])
2026-03-18 13:15:23,570 - TrainerLogger - INFO - Class mapping saved to /mnt/d/VSC_Progs/G_Intel_4/image_classification_project/artifacts/label_map.json
2026-03-18 13:15:23,572 - TrainerLogger - INFO - 📁 Папка train: Найдено 210 файлов разметки.
2026-03-18 13:15:24,151 - TrainerLogger - INFO - 📁 Папка val: Найдено 8 файлов разметки.
2026-03-18 13:15:32,740 - TrainerLogger - INFO - Building U-Net Semantic Segmentation model...
2026-03-18 13:15:33,187 - TrainerLogger - INFO - U-Net model compiled successfully with FOCAL LOSS.
2026-03-18 13:15:33,197 - TrainerLogger - INFO - Model: "functional"
┏━━━━━━━━━━━━━━━━━━━━━━━━━━━━━━━┳━━━━━━━━━━━━━━━━━━━━━━━━━━━┳━━━━━━━━━━━━━━━━━┳━━━━━━━━━━━━━━━━━━━━━━━━━━━━┓
┃ Layer (type)                  ┃ Output Shape              ┃         Param # ┃ Connected to               ┃
┡━━━━━━━━━━━━━━━━━━━━━━━━━━━━━━━╇━━━━━━━━━━━━━━━━━━━━━━━━━━━╇━━━━━━━━━━━━━━━━━╇━━━━━━━━━━━━━━━━━━━━━━━━━━━━┩
│ input_layer (InputLayer)      │ (None, 512, 512, 3)       │               0 │ -                          │
├───────────────────────────────┼───────────────────────────┼─────────────────┼────────────────────────────┤
│ rescaling (Rescaling)         │ (None, 512, 512, 3)       │               0 │ input_layer[0][0]          │
├───────────────────────────────┼───────────────────────────┼─────────────────┼────────────────────────────┤
│ conv2d (Conv2D)               │ (None, 512, 512, 32)      │             896 │ rescaling[0][0]            │
├───────────────────────────────┼───────────────────────────┼─────────────────┼────────────────────────────┤
│ conv2d_1 (Conv2D)             │ (None, 512, 512, 32)      │           9,248 │ conv2d[0][0]               │
├───────────────────────────────┼───────────────────────────┼─────────────────┼────────────────────────────┤
│ max_pooling2d (MaxPooling2D)  │ (None, 256, 256, 32)      │               0 │ conv2d_1[0][0]             │
├───────────────────────────────┼───────────────────────────┼─────────────────┼────────────────────────────┤
│ conv2d_2 (Conv2D)             │ (None, 256, 256, 64)      │          18,496 │ max_pooling2d[0][0]        │
├───────────────────────────────┼───────────────────────────┼─────────────────┼────────────────────────────┤
│ conv2d_3 (Conv2D)             │ (None, 256, 256, 64)      │          36,928 │ conv2d_2[0][0]             │
├───────────────────────────────┼───────────────────────────┼─────────────────┼────────────────────────────┤
│ max_pooling2d_1               │ (None, 128, 128, 64)      │               0 │ conv2d_3[0][0]             │
│ (MaxPooling2D)                │                           │                 │                            │
├───────────────────────────────┼───────────────────────────┼─────────────────┼────────────────────────────┤
│ conv2d_4 (Conv2D)             │ (None, 128, 128, 128)     │          73,856 │ max_pooling2d_1[0][0]      │
├───────────────────────────────┼───────────────────────────┼─────────────────┼────────────────────────────┤
│ conv2d_5 (Conv2D)             │ (None, 128, 128, 128)     │         147,584 │ conv2d_4[0][0]             │
├───────────────────────────────┼───────────────────────────┼─────────────────┼────────────────────────────┤
│ max_pooling2d_2               │ (None, 64, 64, 128)       │               0 │ conv2d_5[0][0]             │
│ (MaxPooling2D)                │                           │                 │                            │
├───────────────────────────────┼───────────────────────────┼─────────────────┼────────────────────────────┤
│ conv2d_6 (Conv2D)             │ (None, 64, 64, 256)       │         295,168 │ max_pooling2d_2[0][0]      │
├───────────────────────────────┼───────────────────────────┼─────────────────┼────────────────────────────┤
│ conv2d_7 (Conv2D)             │ (None, 64, 64, 256)       │         590,080 │ conv2d_6[0][0]             │
├───────────────────────────────┼───────────────────────────┼─────────────────┼────────────────────────────┤
│ up_sampling2d (UpSampling2D)  │ (None, 128, 128, 256)     │               0 │ conv2d_7[0][0]             │
├───────────────────────────────┼───────────────────────────┼─────────────────┼────────────────────────────┤
│ concatenate (Concatenate)     │ (None, 128, 128, 384)     │               0 │ up_sampling2d[0][0],       │
│                               │                           │                 │ conv2d_5[0][0]             │
├───────────────────────────────┼───────────────────────────┼─────────────────┼────────────────────────────┤
│ conv2d_8 (Conv2D)             │ (None, 128, 128, 128)     │         442,496 │ concatenate[0][0]          │
├───────────────────────────────┼───────────────────────────┼─────────────────┼────────────────────────────┤
│ conv2d_9 (Conv2D)             │ (None, 128, 128, 128)     │         147,584 │ conv2d_8[0][0]             │
├───────────────────────────────┼───────────────────────────┼─────────────────┼────────────────────────────┤
│ up_sampling2d_1               │ (None, 256, 256, 128)     │               0 │ conv2d_9[0][0]             │
│ (UpSampling2D)                │                           │                 │                            │
├───────────────────────────────┼───────────────────────────┼─────────────────┼────────────────────────────┤
│ concatenate_1 (Concatenate)   │ (None, 256, 256, 192)     │               0 │ up_sampling2d_1[0][0],     │
│                               │                           │                 │ conv2d_3[0][0]             │
├───────────────────────────────┼───────────────────────────┼─────────────────┼────────────────────────────┤
│ conv2d_10 (Conv2D)            │ (None, 256, 256, 64)      │         110,656 │ concatenate_1[0][0]        │
├───────────────────────────────┼───────────────────────────┼─────────────────┼────────────────────────────┤
│ conv2d_11 (Conv2D)            │ (None, 256, 256, 64)      │          36,928 │ conv2d_10[0][0]            │
├───────────────────────────────┼───────────────────────────┼─────────────────┼────────────────────────────┤
│ up_sampling2d_2               │ (None, 512, 512, 64)      │               0 │ conv2d_11[0][0]            │
│ (UpSampling2D)                │                           │                 │                            │
├───────────────────────────────┼───────────────────────────┼─────────────────┼────────────────────────────┤
│ concatenate_2 (Concatenate)   │ (None, 512, 512, 96)      │               0 │ up_sampling2d_2[0][0],     │
│                               │                           │                 │ conv2d_1[0][0]             │
├───────────────────────────────┼───────────────────────────┼─────────────────┼────────────────────────────┤
│ conv2d_12 (Conv2D)            │ (None, 512, 512, 32)      │          27,680 │ concatenate_2[0][0]        │
├───────────────────────────────┼───────────────────────────┼─────────────────┼────────────────────────────┤
│ conv2d_13 (Conv2D)            │ (None, 512, 512, 32)      │           9,248 │ conv2d_12[0][0]            │
├───────────────────────────────┼───────────────────────────┼─────────────────┼────────────────────────────┤
│ conv2d_14 (Conv2D)            │ (None, 512, 512, 12)      │             396 │ conv2d_13[0][0]            │
└───────────────────────────────┴───────────────────────────┴─────────────────┴────────────────────────────┘
 Total params: 1,947,244 (7.43 MB)
 Trainable params: 1,947,244 (7.43 MB)
 Non-trainable params: 0 (0.00 B)

2026-03-18 13:15:33,197 - TrainerLogger - INFO - Starting U-Net training process...
2026-03-18 13:19:07,992 - TrainerLogger - INFO - Training completed. Final model saved to /mnt/d/VSC_Progs/G_Intel_4/image_classification_project/models/final_model.keras
2026-03-18 13:19:07,993 - TrainerLogger - INFO - Generating training history plots...
2026-03-18 13:19:08,211 - TrainerLogger - INFO - Evaluation complete.
2026-03-18 13:19:08,211 - TrainerLogger - INFO - Segmentation training finished successfully.
2026-03-20 15:02:15,742 - TrainerLogger - INFO - 🚀 Зафиксировано классов: 12 (['Background', 'BS_CL_es', 'BS_CL_intermediate', 'Obstacle_CL_ground', 'Obstacle_CL_ground1', 'Obstacle_CL_rail', 'Obstacle_CL_road', 'Obstacle_CL_water', 'Other_CL_sky', 'Superstructure_CL_cons', 'Superstructure_CL_cons_under', 'Superstructure_CL_road'])
2026-03-20 15:02:15,745 - TrainerLogger - INFO - Class mapping saved to /mnt/d/VSC_Progs/G_Intel_4/image_classification_project/artifacts/label_map.json
2026-03-20 15:02:15,747 - TrainerLogger - INFO - 📁 Папка train: Найдено 210 файлов разметки.
2026-03-20 15:02:16,357 - TrainerLogger - INFO - 📁 Папка val: Найдено 8 файлов разметки.
2026-03-20 15:02:19,372 - TrainerLogger - INFO - Building U-Net Semantic Segmentation model...
2026-03-20 15:02:19,809 - TrainerLogger - INFO - U-Net model compiled successfully with FOCAL LOSS.
2026-03-20 15:02:19,822 - TrainerLogger - INFO - Model: "functional"
┏━━━━━━━━━━━━━━━━━━━━━━━━┳━━━━━━━━━━━━━━━━━━━━━━┳━━━━━━━━━━━━━┳━━━━━━━━━━━━━━━━━━━━━━┓
┃ Layer (type)           ┃ Output Shape         ┃     Param # ┃ Connected to         ┃
┡━━━━━━━━━━━━━━━━━━━━━━━━╇━━━━━━━━━━━━━━━━━━━━━━╇━━━━━━━━━━━━━╇━━━━━━━━━━━━━━━━━━━━━━┩
│ input_layer            │ (None, 512, 512, 3)  │           0 │ -                    │
│ (InputLayer)           │                      │             │                      │
├────────────────────────┼──────────────────────┼─────────────┼──────────────────────┤
│ rescaling (Rescaling)  │ (None, 512, 512, 3)  │           0 │ input_layer[0][0]    │
├────────────────────────┼──────────────────────┼─────────────┼──────────────────────┤
│ conv2d (Conv2D)        │ (None, 512, 512, 32) │         896 │ rescaling[0][0]      │
├────────────────────────┼──────────────────────┼─────────────┼──────────────────────┤
│ conv2d_1 (Conv2D)      │ (None, 512, 512, 32) │       9,248 │ conv2d[0][0]         │
├────────────────────────┼──────────────────────┼─────────────┼──────────────────────┤
│ max_pooling2d          │ (None, 256, 256, 32) │           0 │ conv2d_1[0][0]       │
│ (MaxPooling2D)         │                      │             │                      │
├────────────────────────┼──────────────────────┼─────────────┼──────────────────────┤
│ conv2d_2 (Conv2D)      │ (None, 256, 256, 64) │      18,496 │ max_pooling2d[0][0]  │
├────────────────────────┼──────────────────────┼─────────────┼──────────────────────┤
│ conv2d_3 (Conv2D)      │ (None, 256, 256, 64) │      36,928 │ conv2d_2[0][0]       │
├────────────────────────┼──────────────────────┼─────────────┼──────────────────────┤
│ max_pooling2d_1        │ (None, 128, 128, 64) │           0 │ conv2d_3[0][0]       │
│ (MaxPooling2D)         │                      │             │                      │
├────────────────────────┼──────────────────────┼─────────────┼──────────────────────┤
│ conv2d_4 (Conv2D)      │ (None, 128, 128,     │      73,856 │ max_pooling2d_1[0][… │
│                        │ 128)                 │             │                      │
├────────────────────────┼──────────────────────┼─────────────┼──────────────────────┤
│ conv2d_5 (Conv2D)      │ (None, 128, 128,     │     147,584 │ conv2d_4[0][0]       │
│                        │ 128)                 │             │                      │
├────────────────────────┼──────────────────────┼─────────────┼──────────────────────┤
│ max_pooling2d_2        │ (None, 64, 64, 128)  │           0 │ conv2d_5[0][0]       │
│ (MaxPooling2D)         │                      │             │                      │
├────────────────────────┼──────────────────────┼─────────────┼──────────────────────┤
│ conv2d_6 (Conv2D)      │ (None, 64, 64, 256)  │     295,168 │ max_pooling2d_2[0][… │
├────────────────────────┼──────────────────────┼─────────────┼──────────────────────┤
│ conv2d_7 (Conv2D)      │ (None, 64, 64, 256)  │     590,080 │ conv2d_6[0][0]       │
├────────────────────────┼──────────────────────┼─────────────┼──────────────────────┤
│ up_sampling2d          │ (None, 128, 128,     │           0 │ conv2d_7[0][0]       │
│ (UpSampling2D)         │ 256)                 │             │                      │
├────────────────────────┼──────────────────────┼─────────────┼──────────────────────┤
│ concatenate            │ (None, 128, 128,     │           0 │ up_sampling2d[0][0], │
│ (Concatenate)          │ 384)                 │             │ conv2d_5[0][0]       │
├────────────────────────┼──────────────────────┼─────────────┼──────────────────────┤
│ conv2d_8 (Conv2D)      │ (None, 128, 128,     │     442,496 │ concatenate[0][0]    │
│                        │ 128)                 │             │                      │
├────────────────────────┼──────────────────────┼─────────────┼──────────────────────┤
│ conv2d_9 (Conv2D)      │ (None, 128, 128,     │     147,584 │ conv2d_8[0][0]       │
│                        │ 128)                 │             │                      │
├────────────────────────┼──────────────────────┼─────────────┼──────────────────────┤
│ up_sampling2d_1        │ (None, 256, 256,     │           0 │ conv2d_9[0][0]       │
│ (UpSampling2D)         │ 128)                 │             │                      │
├────────────────────────┼──────────────────────┼─────────────┼──────────────────────┤
│ concatenate_1          │ (None, 256, 256,     │           0 │ up_sampling2d_1[0][… │
│ (Concatenate)          │ 192)                 │             │ conv2d_3[0][0]       │
├────────────────────────┼──────────────────────┼─────────────┼──────────────────────┤
│ conv2d_10 (Conv2D)     │ (None, 256, 256, 64) │     110,656 │ concatenate_1[0][0]  │
├────────────────────────┼──────────────────────┼─────────────┼──────────────────────┤
│ conv2d_11 (Conv2D)     │ (None, 256, 256, 64) │      36,928 │ conv2d_10[0][0]      │
├────────────────────────┼──────────────────────┼─────────────┼──────────────────────┤
│ up_sampling2d_2        │ (None, 512, 512, 64) │           0 │ conv2d_11[0][0]      │
│ (UpSampling2D)         │                      │             │                      │
├────────────────────────┼──────────────────────┼─────────────┼──────────────────────┤
│ concatenate_2          │ (None, 512, 512, 96) │           0 │ up_sampling2d_2[0][… │
│ (Concatenate)          │                      │             │ conv2d_1[0][0]       │
├────────────────────────┼──────────────────────┼─────────────┼──────────────────────┤
│ conv2d_12 (Conv2D)     │ (None, 512, 512, 32) │      27,680 │ concatenate_2[0][0]  │
├────────────────────────┼──────────────────────┼─────────────┼──────────────────────┤
│ conv2d_13 (Conv2D)     │ (None, 512, 512, 32) │       9,248 │ conv2d_12[0][0]      │
├────────────────────────┼──────────────────────┼─────────────┼──────────────────────┤
│ conv2d_14 (Conv2D)     │ (None, 512, 512, 12) │         396 │ conv2d_13[0][0]      │
└────────────────────────┴──────────────────────┴─────────────┴──────────────────────┘
 Total params: 1,947,244 (7.43 MB)
 Trainable params: 1,947,244 (7.43 MB)
 Non-trainable params: 0 (0.00 B)

2026-03-20 15:02:19,822 - TrainerLogger - INFO - Starting U-Net training process...
2026-03-20 15:04:11,208 - TrainerLogger - INFO - Training completed. Final model saved to /mnt/d/VSC_Progs/G_Intel_4/image_classification_project/models/final_model.keras
2026-03-20 15:04:11,208 - TrainerLogger - INFO - Generating training history plots...
2026-03-20 15:04:11,461 - TrainerLogger - INFO - Evaluation complete.
2026-03-20 15:04:11,462 - TrainerLogger - INFO - Segmentation training finished successfully.
2026-03-20 15:09:49,681 - TrainerLogger - INFO - 🚀 Зафиксировано классов: 12 (['Background', 'BS_CL_es', 'BS_CL_intermediate', 'Obstacle_CL_ground', 'Obstacle_CL_ground1', 'Obstacle_CL_rail', 'Obstacle_CL_road', 'Obstacle_CL_water', 'Other_CL_sky', 'Superstructure_CL_cons', 'Superstructure_CL_cons_under', 'Superstructure_CL_road'])
2026-03-20 15:09:49,682 - TrainerLogger - INFO - Class mapping saved to /mnt/d/VSC_Progs/G_Intel_4/image_classification_project/artifacts/label_map.json
2026-03-20 15:09:49,685 - TrainerLogger - INFO - 📁 Папка train: Найдено 210 файлов разметки.
2026-03-20 15:09:50,256 - TrainerLogger - INFO - 📁 Папка val: Найдено 8 файлов разметки.
2026-03-20 15:09:59,641 - TrainerLogger - INFO - Building U-Net Semantic Segmentation model...
2026-03-20 15:10:00,077 - TrainerLogger - INFO - U-Net model compiled successfully with FOCAL LOSS.
2026-03-20 15:10:00,089 - TrainerLogger - INFO - Model: "functional"
┏━━━━━━━━━━━━━━━━━━━━━━━━┳━━━━━━━━━━━━━━━━━━━━━━┳━━━━━━━━━━━━━┳━━━━━━━━━━━━━━━━━━━━━━┓
┃ Layer (type)           ┃ Output Shape         ┃     Param # ┃ Connected to         ┃
┡━━━━━━━━━━━━━━━━━━━━━━━━╇━━━━━━━━━━━━━━━━━━━━━━╇━━━━━━━━━━━━━╇━━━━━━━━━━━━━━━━━━━━━━┩
│ input_layer            │ (None, 512, 512, 3)  │           0 │ -                    │
│ (InputLayer)           │                      │             │                      │
├────────────────────────┼──────────────────────┼─────────────┼──────────────────────┤
│ rescaling (Rescaling)  │ (None, 512, 512, 3)  │           0 │ input_layer[0][0]    │
├────────────────────────┼──────────────────────┼─────────────┼──────────────────────┤
│ conv2d (Conv2D)        │ (None, 512, 512, 32) │         896 │ rescaling[0][0]      │
├────────────────────────┼──────────────────────┼─────────────┼──────────────────────┤
│ conv2d_1 (Conv2D)      │ (None, 512, 512, 32) │       9,248 │ conv2d[0][0]         │
├────────────────────────┼──────────────────────┼─────────────┼──────────────────────┤
│ max_pooling2d          │ (None, 256, 256, 32) │           0 │ conv2d_1[0][0]       │
│ (MaxPooling2D)         │                      │             │                      │
├────────────────────────┼──────────────────────┼─────────────┼──────────────────────┤
│ conv2d_2 (Conv2D)      │ (None, 256, 256, 64) │      18,496 │ max_pooling2d[0][0]  │
├────────────────────────┼──────────────────────┼─────────────┼──────────────────────┤
│ conv2d_3 (Conv2D)      │ (None, 256, 256, 64) │      36,928 │ conv2d_2[0][0]       │
├────────────────────────┼──────────────────────┼─────────────┼──────────────────────┤
│ max_pooling2d_1        │ (None, 128, 128, 64) │           0 │ conv2d_3[0][0]       │
│ (MaxPooling2D)         │                      │             │                      │
├────────────────────────┼──────────────────────┼─────────────┼──────────────────────┤
│ conv2d_4 (Conv2D)      │ (None, 128, 128,     │      73,856 │ max_pooling2d_1[0][… │
│                        │ 128)                 │             │                      │
├────────────────────────┼──────────────────────┼─────────────┼──────────────────────┤
│ conv2d_5 (Conv2D)      │ (None, 128, 128,     │     147,584 │ conv2d_4[0][0]       │
│                        │ 128)                 │             │                      │
├────────────────────────┼──────────────────────┼─────────────┼──────────────────────┤
│ max_pooling2d_2        │ (None, 64, 64, 128)  │           0 │ conv2d_5[0][0]       │
│ (MaxPooling2D)         │                      │             │                      │
├────────────────────────┼──────────────────────┼─────────────┼──────────────────────┤
│ conv2d_6 (Conv2D)      │ (None, 64, 64, 256)  │     295,168 │ max_pooling2d_2[0][… │
├────────────────────────┼──────────────────────┼─────────────┼──────────────────────┤
│ conv2d_7 (Conv2D)      │ (None, 64, 64, 256)  │     590,080 │ conv2d_6[0][0]       │
├────────────────────────┼──────────────────────┼─────────────┼──────────────────────┤
│ up_sampling2d          │ (None, 128, 128,     │           0 │ conv2d_7[0][0]       │
│ (UpSampling2D)         │ 256)                 │             │                      │
├────────────────────────┼──────────────────────┼─────────────┼──────────────────────┤
│ concatenate            │ (None, 128, 128,     │           0 │ up_sampling2d[0][0], │
│ (Concatenate)          │ 384)                 │             │ conv2d_5[0][0]       │
├────────────────────────┼──────────────────────┼─────────────┼──────────────────────┤
│ conv2d_8 (Conv2D)      │ (None, 128, 128,     │     442,496 │ concatenate[0][0]    │
│                        │ 128)                 │             │                      │
├────────────────────────┼──────────────────────┼─────────────┼──────────────────────┤
│ conv2d_9 (Conv2D)      │ (None, 128, 128,     │     147,584 │ conv2d_8[0][0]       │
│                        │ 128)                 │             │                      │
├────────────────────────┼──────────────────────┼─────────────┼──────────────────────┤
│ up_sampling2d_1        │ (None, 256, 256,     │           0 │ conv2d_9[0][0]       │
│ (UpSampling2D)         │ 128)                 │             │                      │
├────────────────────────┼──────────────────────┼─────────────┼──────────────────────┤
│ concatenate_1          │ (None, 256, 256,     │           0 │ up_sampling2d_1[0][… │
│ (Concatenate)          │ 192)                 │             │ conv2d_3[0][0]       │
├────────────────────────┼──────────────────────┼─────────────┼──────────────────────┤
│ conv2d_10 (Conv2D)     │ (None, 256, 256, 64) │     110,656 │ concatenate_1[0][0]  │
├────────────────────────┼──────────────────────┼─────────────┼──────────────────────┤
│ conv2d_11 (Conv2D)     │ (None, 256, 256, 64) │      36,928 │ conv2d_10[0][0]      │
├────────────────────────┼──────────────────────┼─────────────┼──────────────────────┤
│ up_sampling2d_2        │ (None, 512, 512, 64) │           0 │ conv2d_11[0][0]      │
│ (UpSampling2D)         │                      │             │                      │
├────────────────────────┼──────────────────────┼─────────────┼──────────────────────┤
│ concatenate_2          │ (None, 512, 512, 96) │           0 │ up_sampling2d_2[0][… │
│ (Concatenate)          │                      │             │ conv2d_1[0][0]       │
├────────────────────────┼──────────────────────┼─────────────┼──────────────────────┤
│ conv2d_12 (Conv2D)     │ (None, 512, 512, 32) │      27,680 │ concatenate_2[0][0]  │
├────────────────────────┼──────────────────────┼─────────────┼──────────────────────┤
│ conv2d_13 (Conv2D)     │ (None, 512, 512, 32) │       9,248 │ conv2d_12[0][0]      │
├────────────────────────┼──────────────────────┼─────────────┼──────────────────────┤
│ conv2d_14 (Conv2D)     │ (None, 512, 512, 12) │         396 │ conv2d_13[0][0]      │
└────────────────────────┴──────────────────────┴─────────────┴──────────────────────┘
 Total params: 1,947,244 (7.43 MB)
 Trainable params: 1,947,244 (7.43 MB)
 Non-trainable params: 0 (0.00 B)

2026-03-20 15:10:00,089 - TrainerLogger - INFO - Starting U-Net training process...
2026-03-20 15:13:16,788 - TrainerLogger - INFO - Training completed. Final model saved to /mnt/d/VSC_Progs/G_Intel_4/image_classification_project/models/final_model.keras
2026-03-20 15:13:16,788 - TrainerLogger - INFO - Generating training history plots...
2026-03-20 15:13:16,979 - TrainerLogger - INFO - Evaluation complete.
2026-03-20 15:13:16,979 - TrainerLogger - INFO - Segmentation training finished successfully.
2026-03-20 15:15:31,132 - TrainerLogger - INFO - 🚀 Зафиксировано классов: 12 (['Background', 'BS_CL_es', 'BS_CL_intermediate', 'Obstacle_CL_ground', 'Obstacle_CL_ground1', 'Obstacle_CL_rail', 'Obstacle_CL_road', 'Obstacle_CL_water', 'Other_CL_sky', 'Superstructure_CL_cons', 'Superstructure_CL_cons_under', 'Superstructure_CL_road'])
2026-03-20 15:15:31,133 - TrainerLogger - INFO - Class mapping saved to /mnt/d/VSC_Progs/G_Intel_4/image_classification_project/artifacts/label_map.json
2026-03-20 15:15:31,135 - TrainerLogger - INFO - 📁 Папка train: Найдено 210 файлов разметки.
2026-03-20 15:15:31,732 - TrainerLogger - INFO - 📁 Папка val: Найдено 8 файлов разметки.
2026-03-20 15:15:33,717 - TrainerLogger - INFO - Building U-Net Semantic Segmentation model...
2026-03-20 15:15:34,164 - TrainerLogger - INFO - U-Net model compiled successfully with FOCAL LOSS.
2026-03-20 15:15:34,175 - TrainerLogger - INFO - Model: "functional"
┏━━━━━━━━━━━━━━━━━━━━━━━━┳━━━━━━━━━━━━━━━━━━━━━━┳━━━━━━━━━━━━━┳━━━━━━━━━━━━━━━━━━━━━━┓
┃ Layer (type)           ┃ Output Shape         ┃     Param # ┃ Connected to         ┃
┡━━━━━━━━━━━━━━━━━━━━━━━━╇━━━━━━━━━━━━━━━━━━━━━━╇━━━━━━━━━━━━━╇━━━━━━━━━━━━━━━━━━━━━━┩
│ input_layer            │ (None, 512, 512, 3)  │           0 │ -                    │
│ (InputLayer)           │                      │             │                      │
├────────────────────────┼──────────────────────┼─────────────┼──────────────────────┤
│ rescaling (Rescaling)  │ (None, 512, 512, 3)  │           0 │ input_layer[0][0]    │
├────────────────────────┼──────────────────────┼─────────────┼──────────────────────┤
│ conv2d (Conv2D)        │ (None, 512, 512, 32) │         896 │ rescaling[0][0]      │
├────────────────────────┼──────────────────────┼─────────────┼──────────────────────┤
│ conv2d_1 (Conv2D)      │ (None, 512, 512, 32) │       9,248 │ conv2d[0][0]         │
├────────────────────────┼──────────────────────┼─────────────┼──────────────────────┤
│ max_pooling2d          │ (None, 256, 256, 32) │           0 │ conv2d_1[0][0]       │
│ (MaxPooling2D)         │                      │             │                      │
├────────────────────────┼──────────────────────┼─────────────┼──────────────────────┤
│ conv2d_2 (Conv2D)      │ (None, 256, 256, 64) │      18,496 │ max_pooling2d[0][0]  │
├────────────────────────┼──────────────────────┼─────────────┼──────────────────────┤
│ conv2d_3 (Conv2D)      │ (None, 256, 256, 64) │      36,928 │ conv2d_2[0][0]       │
├────────────────────────┼──────────────────────┼─────────────┼──────────────────────┤
│ max_pooling2d_1        │ (None, 128, 128, 64) │           0 │ conv2d_3[0][0]       │
│ (MaxPooling2D)         │                      │             │                      │
├────────────────────────┼──────────────────────┼─────────────┼──────────────────────┤
│ conv2d_4 (Conv2D)      │ (None, 128, 128,     │      73,856 │ max_pooling2d_1[0][… │
│                        │ 128)                 │             │                      │
├────────────────────────┼──────────────────────┼─────────────┼──────────────────────┤
│ conv2d_5 (Conv2D)      │ (None, 128, 128,     │     147,584 │ conv2d_4[0][0]       │
│                        │ 128)                 │             │                      │
├────────────────────────┼──────────────────────┼─────────────┼──────────────────────┤
│ max_pooling2d_2        │ (None, 64, 64, 128)  │           0 │ conv2d_5[0][0]       │
│ (MaxPooling2D)         │                      │             │                      │
├────────────────────────┼──────────────────────┼─────────────┼──────────────────────┤
│ conv2d_6 (Conv2D)      │ (None, 64, 64, 256)  │     295,168 │ max_pooling2d_2[0][… │
├────────────────────────┼──────────────────────┼─────────────┼──────────────────────┤
│ conv2d_7 (Conv2D)      │ (None, 64, 64, 256)  │     590,080 │ conv2d_6[0][0]       │
├────────────────────────┼──────────────────────┼─────────────┼──────────────────────┤
│ up_sampling2d          │ (None, 128, 128,     │           0 │ conv2d_7[0][0]       │
│ (UpSampling2D)         │ 256)                 │             │                      │
├────────────────────────┼──────────────────────┼─────────────┼──────────────────────┤
│ concatenate            │ (None, 128, 128,     │           0 │ up_sampling2d[0][0], │
│ (Concatenate)          │ 384)                 │             │ conv2d_5[0][0]       │
├────────────────────────┼──────────────────────┼─────────────┼──────────────────────┤
│ conv2d_8 (Conv2D)      │ (None, 128, 128,     │     442,496 │ concatenate[0][0]    │
│                        │ 128)                 │             │                      │
├────────────────────────┼──────────────────────┼─────────────┼──────────────────────┤
│ conv2d_9 (Conv2D)      │ (None, 128, 128,     │     147,584 │ conv2d_8[0][0]       │
│                        │ 128)                 │             │                      │
├────────────────────────┼──────────────────────┼─────────────┼──────────────────────┤
│ up_sampling2d_1        │ (None, 256, 256,     │           0 │ conv2d_9[0][0]       │
│ (UpSampling2D)         │ 128)                 │             │                      │
├────────────────────────┼──────────────────────┼─────────────┼──────────────────────┤
│ concatenate_1          │ (None, 256, 256,     │           0 │ up_sampling2d_1[0][… │
│ (Concatenate)          │ 192)                 │             │ conv2d_3[0][0]       │
├────────────────────────┼──────────────────────┼─────────────┼──────────────────────┤
│ conv2d_10 (Conv2D)     │ (None, 256, 256, 64) │     110,656 │ concatenate_1[0][0]  │
├────────────────────────┼──────────────────────┼─────────────┼──────────────────────┤
│ conv2d_11 (Conv2D)     │ (None, 256, 256, 64) │      36,928 │ conv2d_10[0][0]      │
├────────────────────────┼──────────────────────┼─────────────┼──────────────────────┤
│ up_sampling2d_2        │ (None, 512, 512, 64) │           0 │ conv2d_11[0][0]      │
│ (UpSampling2D)         │                      │             │                      │
├────────────────────────┼──────────────────────┼─────────────┼──────────────────────┤
│ concatenate_2          │ (None, 512, 512, 96) │           0 │ up_sampling2d_2[0][… │
│ (Concatenate)          │                      │             │ conv2d_1[0][0]       │
├────────────────────────┼──────────────────────┼─────────────┼──────────────────────┤
│ conv2d_12 (Conv2D)     │ (None, 512, 512, 32) │      27,680 │ concatenate_2[0][0]  │
├────────────────────────┼──────────────────────┼─────────────┼──────────────────────┤
│ conv2d_13 (Conv2D)     │ (None, 512, 512, 32) │       9,248 │ conv2d_12[0][0]      │
├────────────────────────┼──────────────────────┼─────────────┼──────────────────────┤
│ conv2d_14 (Conv2D)     │ (None, 512, 512, 12) │         396 │ conv2d_13[0][0]      │
└────────────────────────┴──────────────────────┴─────────────┴──────────────────────┘
 Total params: 1,947,244 (7.43 MB)
 Trainable params: 1,947,244 (7.43 MB)
 Non-trainable params: 0 (0.00 B)

2026-03-20 15:15:34,175 - TrainerLogger - INFO - Starting U-Net training process...
2026-03-20 15:17:30,774 - TrainerLogger - INFO - Training completed. Final model saved to /mnt/d/VSC_Progs/G_Intel_4/image_classification_project/models/final_model.keras
2026-03-20 15:17:30,775 - TrainerLogger - INFO - Generating training history plots...
2026-03-20 15:17:30,946 - TrainerLogger - INFO - Evaluation complete.
2026-03-20 15:17:30,947 - TrainerLogger - INFO - Segmentation training finished successfully.
2026-03-20 15:26:33,877 - TrainerLogger - INFO - 🚀 Зафиксировано классов: 12 (['Background', 'BS_CL_es', 'BS_CL_intermediate', 'Obstacle_CL_ground', 'Obstacle_CL_ground1', 'Obstacle_CL_rail', 'Obstacle_CL_road', 'Obstacle_CL_water', 'Other_CL_sky', 'Superstructure_CL_cons', 'Superstructure_CL_cons_under', 'Superstructure_CL_road'])
2026-03-20 15:26:33,879 - TrainerLogger - INFO - Class mapping saved to /mnt/d/VSC_Progs/G_Intel_4/image_classification_project/artifacts/label_map.json
2026-03-20 15:26:33,884 - TrainerLogger - INFO - 📁 Папка train: Найдено 630 файлов разметки.
2026-03-20 15:26:34,474 - TrainerLogger - INFO - 📁 Папка val: Найдено 8 файлов разметки.
2026-03-20 15:26:37,030 - TrainerLogger - INFO - Building U-Net Semantic Segmentation model...
2026-03-20 15:26:37,470 - TrainerLogger - INFO - U-Net model compiled successfully with FOCAL LOSS.
2026-03-20 15:26:37,479 - TrainerLogger - INFO - Model: "functional"
┏━━━━━━━━━━━━━━━━━━━━━━━━━━━━━━━┳━━━━━━━━━━━━━━━━━━━━━━━━━━━┳━━━━━━━━━━━━━━━━━┳━━━━━━━━━━━━━━━━━━━━━━━━━━━━┓
┃ Layer (type)                  ┃ Output Shape              ┃         Param # ┃ Connected to               ┃
┡━━━━━━━━━━━━━━━━━━━━━━━━━━━━━━━╇━━━━━━━━━━━━━━━━━━━━━━━━━━━╇━━━━━━━━━━━━━━━━━╇━━━━━━━━━━━━━━━━━━━━━━━━━━━━┩
│ input_layer (InputLayer)      │ (None, 512, 512, 3)       │               0 │ -                          │
├───────────────────────────────┼───────────────────────────┼─────────────────┼────────────────────────────┤
│ rescaling (Rescaling)         │ (None, 512, 512, 3)       │               0 │ input_layer[0][0]          │
├───────────────────────────────┼───────────────────────────┼─────────────────┼────────────────────────────┤
│ conv2d (Conv2D)               │ (None, 512, 512, 32)      │             896 │ rescaling[0][0]            │
├───────────────────────────────┼───────────────────────────┼─────────────────┼────────────────────────────┤
│ conv2d_1 (Conv2D)             │ (None, 512, 512, 32)      │           9,248 │ conv2d[0][0]               │
├───────────────────────────────┼───────────────────────────┼─────────────────┼────────────────────────────┤
│ max_pooling2d (MaxPooling2D)  │ (None, 256, 256, 32)      │               0 │ conv2d_1[0][0]             │
├───────────────────────────────┼───────────────────────────┼─────────────────┼────────────────────────────┤
│ conv2d_2 (Conv2D)             │ (None, 256, 256, 64)      │          18,496 │ max_pooling2d[0][0]        │
├───────────────────────────────┼───────────────────────────┼─────────────────┼────────────────────────────┤
│ conv2d_3 (Conv2D)             │ (None, 256, 256, 64)      │          36,928 │ conv2d_2[0][0]             │
├───────────────────────────────┼───────────────────────────┼─────────────────┼────────────────────────────┤
│ max_pooling2d_1               │ (None, 128, 128, 64)      │               0 │ conv2d_3[0][0]             │
│ (MaxPooling2D)                │                           │                 │                            │
├───────────────────────────────┼───────────────────────────┼─────────────────┼────────────────────────────┤
│ conv2d_4 (Conv2D)             │ (None, 128, 128, 128)     │          73,856 │ max_pooling2d_1[0][0]      │
├───────────────────────────────┼───────────────────────────┼─────────────────┼────────────────────────────┤
│ conv2d_5 (Conv2D)             │ (None, 128, 128, 128)     │         147,584 │ conv2d_4[0][0]             │
├───────────────────────────────┼───────────────────────────┼─────────────────┼────────────────────────────┤
│ max_pooling2d_2               │ (None, 64, 64, 128)       │               0 │ conv2d_5[0][0]             │
│ (MaxPooling2D)                │                           │                 │                            │
├───────────────────────────────┼───────────────────────────┼─────────────────┼────────────────────────────┤
│ conv2d_6 (Conv2D)             │ (None, 64, 64, 256)       │         295,168 │ max_pooling2d_2[0][0]      │
├───────────────────────────────┼───────────────────────────┼─────────────────┼────────────────────────────┤
│ conv2d_7 (Conv2D)             │ (None, 64, 64, 256)       │         590,080 │ conv2d_6[0][0]             │
├───────────────────────────────┼───────────────────────────┼─────────────────┼────────────────────────────┤
│ up_sampling2d (UpSampling2D)  │ (None, 128, 128, 256)     │               0 │ conv2d_7[0][0]             │
├───────────────────────────────┼───────────────────────────┼─────────────────┼────────────────────────────┤
│ concatenate (Concatenate)     │ (None, 128, 128, 384)     │               0 │ up_sampling2d[0][0],       │
│                               │                           │                 │ conv2d_5[0][0]             │
├───────────────────────────────┼───────────────────────────┼─────────────────┼────────────────────────────┤
│ conv2d_8 (Conv2D)             │ (None, 128, 128, 128)     │         442,496 │ concatenate[0][0]          │
├───────────────────────────────┼───────────────────────────┼─────────────────┼────────────────────────────┤
│ conv2d_9 (Conv2D)             │ (None, 128, 128, 128)     │         147,584 │ conv2d_8[0][0]             │
├───────────────────────────────┼───────────────────────────┼─────────────────┼────────────────────────────┤
│ up_sampling2d_1               │ (None, 256, 256, 128)     │               0 │ conv2d_9[0][0]             │
│ (UpSampling2D)                │                           │                 │                            │
├───────────────────────────────┼───────────────────────────┼─────────────────┼────────────────────────────┤
│ concatenate_1 (Concatenate)   │ (None, 256, 256, 192)     │               0 │ up_sampling2d_1[0][0],     │
│                               │                           │                 │ conv2d_3[0][0]             │
├───────────────────────────────┼───────────────────────────┼─────────────────┼────────────────────────────┤
│ conv2d_10 (Conv2D)            │ (None, 256, 256, 64)      │         110,656 │ concatenate_1[0][0]        │
├───────────────────────────────┼───────────────────────────┼─────────────────┼────────────────────────────┤
│ conv2d_11 (Conv2D)            │ (None, 256, 256, 64)      │          36,928 │ conv2d_10[0][0]            │
├───────────────────────────────┼───────────────────────────┼─────────────────┼────────────────────────────┤
│ up_sampling2d_2               │ (None, 512, 512, 64)      │               0 │ conv2d_11[0][0]            │
│ (UpSampling2D)                │                           │                 │                            │
├───────────────────────────────┼───────────────────────────┼─────────────────┼────────────────────────────┤
│ concatenate_2 (Concatenate)   │ (None, 512, 512, 96)      │               0 │ up_sampling2d_2[0][0],     │
│                               │                           │                 │ conv2d_1[0][0]             │
├───────────────────────────────┼───────────────────────────┼─────────────────┼────────────────────────────┤
│ conv2d_12 (Conv2D)            │ (None, 512, 512, 32)      │          27,680 │ concatenate_2[0][0]        │
├───────────────────────────────┼───────────────────────────┼─────────────────┼────────────────────────────┤
│ conv2d_13 (Conv2D)            │ (None, 512, 512, 32)      │           9,248 │ conv2d_12[0][0]            │
├───────────────────────────────┼───────────────────────────┼─────────────────┼────────────────────────────┤
│ conv2d_14 (Conv2D)            │ (None, 512, 512, 12)      │             396 │ conv2d_13[0][0]            │
└───────────────────────────────┴───────────────────────────┴─────────────────┴────────────────────────────┘
 Total params: 1,947,244 (7.43 MB)
 Trainable params: 1,947,244 (7.43 MB)
 Non-trainable params: 0 (0.00 B)

2026-03-20 15:26:37,480 - TrainerLogger - INFO - Starting U-Net training process...
2026-03-20 15:30:36,846 - TrainerLogger - INFO - Training completed. Final model saved to /mnt/d/VSC_Progs/G_Intel_4/image_classification_project/models/final_model.keras
2026-03-20 15:30:36,847 - TrainerLogger - INFO - Generating training history plots...
2026-03-20 15:30:37,088 - TrainerLogger - INFO - Evaluation complete.
2026-03-20 15:30:37,088 - TrainerLogger - INFO - Segmentation training finished successfully.
2026-03-20 15:39:30,425 - TrainerLogger - INFO - 🚀 Зафиксировано классов: 12 (['Background', 'BS_CL_es', 'BS_CL_intermediate', 'Obstacle_CL_ground', 'Obstacle_CL_ground1', 'Obstacle_CL_rail', 'Obstacle_CL_road', 'Obstacle_CL_water', 'Other_CL_sky', 'Superstructure_CL_cons', 'Superstructure_CL_cons_under', 'Superstructure_CL_road'])
2026-03-20 15:39:30,427 - TrainerLogger - INFO - Class mapping saved to /mnt/d/VSC_Progs/G_Intel_4/image_classification_project/artifacts/label_map.json
2026-03-20 15:39:30,430 - TrainerLogger - INFO - 📁 Папка train: Найдено 425 файлов разметки.
2026-03-20 15:39:31,005 - TrainerLogger - INFO - 📁 Папка val: Найдено 8 файлов разметки.
2026-03-20 15:39:33,597 - TrainerLogger - INFO - Building U-Net Semantic Segmentation model...
2026-03-20 15:39:34,059 - TrainerLogger - INFO - U-Net model compiled successfully with FOCAL LOSS.
2026-03-20 15:39:34,070 - TrainerLogger - INFO - Model: "functional"
┏━━━━━━━━━━━━━━━━━━━━━━━━━━━━━━━┳━━━━━━━━━━━━━━━━━━━━━━━━━━━┳━━━━━━━━━━━━━━━━━┳━━━━━━━━━━━━━━━━━━━━━━━━━━━━┓
┃ Layer (type)                  ┃ Output Shape              ┃         Param # ┃ Connected to               ┃
┡━━━━━━━━━━━━━━━━━━━━━━━━━━━━━━━╇━━━━━━━━━━━━━━━━━━━━━━━━━━━╇━━━━━━━━━━━━━━━━━╇━━━━━━━━━━━━━━━━━━━━━━━━━━━━┩
│ input_layer (InputLayer)      │ (None, 512, 512, 3)       │               0 │ -                          │
├───────────────────────────────┼───────────────────────────┼─────────────────┼────────────────────────────┤
│ rescaling (Rescaling)         │ (None, 512, 512, 3)       │               0 │ input_layer[0][0]          │
├───────────────────────────────┼───────────────────────────┼─────────────────┼────────────────────────────┤
│ conv2d (Conv2D)               │ (None, 512, 512, 32)      │             896 │ rescaling[0][0]            │
├───────────────────────────────┼───────────────────────────┼─────────────────┼────────────────────────────┤
│ conv2d_1 (Conv2D)             │ (None, 512, 512, 32)      │           9,248 │ conv2d[0][0]               │
├───────────────────────────────┼───────────────────────────┼─────────────────┼────────────────────────────┤
│ max_pooling2d (MaxPooling2D)  │ (None, 256, 256, 32)      │               0 │ conv2d_1[0][0]             │
├───────────────────────────────┼───────────────────────────┼─────────────────┼────────────────────────────┤
│ conv2d_2 (Conv2D)             │ (None, 256, 256, 64)      │          18,496 │ max_pooling2d[0][0]        │
├───────────────────────────────┼───────────────────────────┼─────────────────┼────────────────────────────┤
│ conv2d_3 (Conv2D)             │ (None, 256, 256, 64)      │          36,928 │ conv2d_2[0][0]             │
├───────────────────────────────┼───────────────────────────┼─────────────────┼────────────────────────────┤
│ max_pooling2d_1               │ (None, 128, 128, 64)      │               0 │ conv2d_3[0][0]             │
│ (MaxPooling2D)                │                           │                 │                            │
├───────────────────────────────┼───────────────────────────┼─────────────────┼────────────────────────────┤
│ conv2d_4 (Conv2D)             │ (None, 128, 128, 128)     │          73,856 │ max_pooling2d_1[0][0]      │
├───────────────────────────────┼───────────────────────────┼─────────────────┼────────────────────────────┤
│ conv2d_5 (Conv2D)             │ (None, 128, 128, 128)     │         147,584 │ conv2d_4[0][0]             │
├───────────────────────────────┼───────────────────────────┼─────────────────┼────────────────────────────┤
│ max_pooling2d_2               │ (None, 64, 64, 128)       │               0 │ conv2d_5[0][0]             │
│ (MaxPooling2D)                │                           │                 │                            │
├───────────────────────────────┼───────────────────────────┼─────────────────┼────────────────────────────┤
│ conv2d_6 (Conv2D)             │ (None, 64, 64, 256)       │         295,168 │ max_pooling2d_2[0][0]      │
├───────────────────────────────┼───────────────────────────┼─────────────────┼────────────────────────────┤
│ conv2d_7 (Conv2D)             │ (None, 64, 64, 256)       │         590,080 │ conv2d_6[0][0]             │
├───────────────────────────────┼───────────────────────────┼─────────────────┼────────────────────────────┤
│ up_sampling2d (UpSampling2D)  │ (None, 128, 128, 256)     │               0 │ conv2d_7[0][0]             │
├───────────────────────────────┼───────────────────────────┼─────────────────┼────────────────────────────┤
│ concatenate (Concatenate)     │ (None, 128, 128, 384)     │               0 │ up_sampling2d[0][0],       │
│                               │                           │                 │ conv2d_5[0][0]             │
├───────────────────────────────┼───────────────────────────┼─────────────────┼────────────────────────────┤
│ conv2d_8 (Conv2D)             │ (None, 128, 128, 128)     │         442,496 │ concatenate[0][0]          │
├───────────────────────────────┼───────────────────────────┼─────────────────┼────────────────────────────┤
│ conv2d_9 (Conv2D)             │ (None, 128, 128, 128)     │         147,584 │ conv2d_8[0][0]             │
├───────────────────────────────┼───────────────────────────┼─────────────────┼────────────────────────────┤
│ up_sampling2d_1               │ (None, 256, 256, 128)     │               0 │ conv2d_9[0][0]             │
│ (UpSampling2D)                │                           │                 │                            │
├───────────────────────────────┼───────────────────────────┼─────────────────┼────────────────────────────┤
│ concatenate_1 (Concatenate)   │ (None, 256, 256, 192)     │               0 │ up_sampling2d_1[0][0],     │
│                               │                           │                 │ conv2d_3[0][0]             │
├───────────────────────────────┼───────────────────────────┼─────────────────┼────────────────────────────┤
│ conv2d_10 (Conv2D)            │ (None, 256, 256, 64)      │         110,656 │ concatenate_1[0][0]        │
├───────────────────────────────┼───────────────────────────┼─────────────────┼────────────────────────────┤
│ conv2d_11 (Conv2D)            │ (None, 256, 256, 64)      │          36,928 │ conv2d_10[0][0]            │
├───────────────────────────────┼───────────────────────────┼─────────────────┼────────────────────────────┤
│ up_sampling2d_2               │ (None, 512, 512, 64)      │               0 │ conv2d_11[0][0]            │
│ (UpSampling2D)                │                           │                 │                            │
├───────────────────────────────┼───────────────────────────┼─────────────────┼────────────────────────────┤
│ concatenate_2 (Concatenate)   │ (None, 512, 512, 96)      │               0 │ up_sampling2d_2[0][0],     │
│                               │                           │                 │ conv2d_1[0][0]             │
├───────────────────────────────┼───────────────────────────┼─────────────────┼────────────────────────────┤
│ conv2d_12 (Conv2D)            │ (None, 512, 512, 32)      │          27,680 │ concatenate_2[0][0]        │
├───────────────────────────────┼───────────────────────────┼─────────────────┼────────────────────────────┤
│ conv2d_13 (Conv2D)            │ (None, 512, 512, 32)      │           9,248 │ conv2d_12[0][0]            │
├───────────────────────────────┼───────────────────────────┼─────────────────┼────────────────────────────┤
│ conv2d_14 (Conv2D)            │ (None, 512, 512, 12)      │             396 │ conv2d_13[0][0]            │
└───────────────────────────────┴───────────────────────────┴─────────────────┴────────────────────────────┘
 Total params: 1,947,244 (7.43 MB)
 Trainable params: 1,947,244 (7.43 MB)
 Non-trainable params: 0 (0.00 B)

2026-03-20 15:39:34,071 - TrainerLogger - INFO - Starting U-Net training process...
2026-03-20 15:45:02,771 - TrainerLogger - INFO - 🚀 Зафиксировано классов: 12 (['Background', 'BS_CL_es', 'BS_CL_intermediate', 'Obstacle_CL_ground', 'Obstacle_CL_ground1', 'Obstacle_CL_rail', 'Obstacle_CL_road', 'Obstacle_CL_water', 'Other_CL_sky', 'Superstructure_CL_cons', 'Superstructure_CL_cons_under', 'Superstructure_CL_road'])
2026-03-20 15:45:02,772 - TrainerLogger - INFO - Class mapping saved to /mnt/d/VSC_Progs/G_Intel_4/image_classification_project/artifacts/label_map.json
2026-03-20 15:45:02,779 - TrainerLogger - INFO - 📁 Папка train: Найдено 840 файлов разметки.
2026-03-20 15:45:03,379 - TrainerLogger - INFO - 📁 Папка val: Найдено 8 файлов разметки.
2026-03-20 15:45:04,238 - TrainerLogger - INFO - Building U-Net Semantic Segmentation model...
2026-03-20 15:45:04,672 - TrainerLogger - INFO - U-Net model compiled successfully with FOCAL LOSS.
2026-03-20 15:45:04,682 - TrainerLogger - INFO - Model: "functional"
┏━━━━━━━━━━━━━━━━━━━━━━━━━━━━━━━┳━━━━━━━━━━━━━━━━━━━━━━━━━━━┳━━━━━━━━━━━━━━━━━┳━━━━━━━━━━━━━━━━━━━━━━━━━━━━┓
┃ Layer (type)                  ┃ Output Shape              ┃         Param # ┃ Connected to               ┃
┡━━━━━━━━━━━━━━━━━━━━━━━━━━━━━━━╇━━━━━━━━━━━━━━━━━━━━━━━━━━━╇━━━━━━━━━━━━━━━━━╇━━━━━━━━━━━━━━━━━━━━━━━━━━━━┩
│ input_layer (InputLayer)      │ (None, 512, 512, 3)       │               0 │ -                          │
├───────────────────────────────┼───────────────────────────┼─────────────────┼────────────────────────────┤
│ rescaling (Rescaling)         │ (None, 512, 512, 3)       │               0 │ input_layer[0][0]          │
├───────────────────────────────┼───────────────────────────┼─────────────────┼────────────────────────────┤
│ conv2d (Conv2D)               │ (None, 512, 512, 32)      │             896 │ rescaling[0][0]            │
├───────────────────────────────┼───────────────────────────┼─────────────────┼────────────────────────────┤
│ conv2d_1 (Conv2D)             │ (None, 512, 512, 32)      │           9,248 │ conv2d[0][0]               │
├───────────────────────────────┼───────────────────────────┼─────────────────┼────────────────────────────┤
│ max_pooling2d (MaxPooling2D)  │ (None, 256, 256, 32)      │               0 │ conv2d_1[0][0]             │
├───────────────────────────────┼───────────────────────────┼─────────────────┼────────────────────────────┤
│ conv2d_2 (Conv2D)             │ (None, 256, 256, 64)      │          18,496 │ max_pooling2d[0][0]        │
├───────────────────────────────┼───────────────────────────┼─────────────────┼────────────────────────────┤
│ conv2d_3 (Conv2D)             │ (None, 256, 256, 64)      │          36,928 │ conv2d_2[0][0]             │
├───────────────────────────────┼───────────────────────────┼─────────────────┼────────────────────────────┤
│ max_pooling2d_1               │ (None, 128, 128, 64)      │               0 │ conv2d_3[0][0]             │
│ (MaxPooling2D)                │                           │                 │                            │
├───────────────────────────────┼───────────────────────────┼─────────────────┼────────────────────────────┤
│ conv2d_4 (Conv2D)             │ (None, 128, 128, 128)     │          73,856 │ max_pooling2d_1[0][0]      │
├───────────────────────────────┼───────────────────────────┼─────────────────┼────────────────────────────┤
│ conv2d_5 (Conv2D)             │ (None, 128, 128, 128)     │         147,584 │ conv2d_4[0][0]             │
├───────────────────────────────┼───────────────────────────┼─────────────────┼────────────────────────────┤
│ max_pooling2d_2               │ (None, 64, 64, 128)       │               0 │ conv2d_5[0][0]             │
│ (MaxPooling2D)                │                           │                 │                            │
├───────────────────────────────┼───────────────────────────┼─────────────────┼────────────────────────────┤
│ conv2d_6 (Conv2D)             │ (None, 64, 64, 256)       │         295,168 │ max_pooling2d_2[0][0]      │
├───────────────────────────────┼───────────────────────────┼─────────────────┼────────────────────────────┤
│ conv2d_7 (Conv2D)             │ (None, 64, 64, 256)       │         590,080 │ conv2d_6[0][0]             │
├───────────────────────────────┼───────────────────────────┼─────────────────┼────────────────────────────┤
│ up_sampling2d (UpSampling2D)  │ (None, 128, 128, 256)     │               0 │ conv2d_7[0][0]             │
├───────────────────────────────┼───────────────────────────┼─────────────────┼────────────────────────────┤
│ concatenate (Concatenate)     │ (None, 128, 128, 384)     │               0 │ up_sampling2d[0][0],       │
│                               │                           │                 │ conv2d_5[0][0]             │
├───────────────────────────────┼───────────────────────────┼─────────────────┼────────────────────────────┤
│ conv2d_8 (Conv2D)             │ (None, 128, 128, 128)     │         442,496 │ concatenate[0][0]          │
├───────────────────────────────┼───────────────────────────┼─────────────────┼────────────────────────────┤
│ conv2d_9 (Conv2D)             │ (None, 128, 128, 128)     │         147,584 │ conv2d_8[0][0]             │
├───────────────────────────────┼───────────────────────────┼─────────────────┼────────────────────────────┤
│ up_sampling2d_1               │ (None, 256, 256, 128)     │               0 │ conv2d_9[0][0]             │
│ (UpSampling2D)                │                           │                 │                            │
├───────────────────────────────┼───────────────────────────┼─────────────────┼────────────────────────────┤
│ concatenate_1 (Concatenate)   │ (None, 256, 256, 192)     │               0 │ up_sampling2d_1[0][0],     │
│                               │                           │                 │ conv2d_3[0][0]             │
├───────────────────────────────┼───────────────────────────┼─────────────────┼────────────────────────────┤
│ conv2d_10 (Conv2D)            │ (None, 256, 256, 64)      │         110,656 │ concatenate_1[0][0]        │
├───────────────────────────────┼───────────────────────────┼─────────────────┼────────────────────────────┤
│ conv2d_11 (Conv2D)            │ (None, 256, 256, 64)      │          36,928 │ conv2d_10[0][0]            │
├───────────────────────────────┼───────────────────────────┼─────────────────┼────────────────────────────┤
│ up_sampling2d_2               │ (None, 512, 512, 64)      │               0 │ conv2d_11[0][0]            │
│ (UpSampling2D)                │                           │                 │                            │
├───────────────────────────────┼───────────────────────────┼─────────────────┼────────────────────────────┤
│ concatenate_2 (Concatenate)   │ (None, 512, 512, 96)      │               0 │ up_sampling2d_2[0][0],     │
│                               │                           │                 │ conv2d_1[0][0]             │
├───────────────────────────────┼───────────────────────────┼─────────────────┼────────────────────────────┤
│ conv2d_12 (Conv2D)            │ (None, 512, 512, 32)      │          27,680 │ concatenate_2[0][0]        │
├───────────────────────────────┼───────────────────────────┼─────────────────┼────────────────────────────┤
│ conv2d_13 (Conv2D)            │ (None, 512, 512, 32)      │           9,248 │ conv2d_12[0][0]            │
├───────────────────────────────┼───────────────────────────┼─────────────────┼────────────────────────────┤
│ conv2d_14 (Conv2D)            │ (None, 512, 512, 12)      │             396 │ conv2d_13[0][0]            │
└───────────────────────────────┴───────────────────────────┴─────────────────┴────────────────────────────┘
 Total params: 1,947,244 (7.43 MB)
 Trainable params: 1,947,244 (7.43 MB)
 Non-trainable params: 0 (0.00 B)

2026-03-20 15:45:04,682 - TrainerLogger - INFO - Starting U-Net training process...
2026-03-20 15:49:54,797 - TrainerLogger - INFO - Training completed. Final model saved to /mnt/d/VSC_Progs/G_Intel_4/image_classification_project/models/final_model.keras
2026-03-20 15:49:54,797 - TrainerLogger - INFO - Generating training history plots...
2026-03-20 15:49:55,032 - TrainerLogger - INFO - Evaluation complete.
2026-03-20 15:49:55,033 - TrainerLogger - INFO - Segmentation training finished successfully.
2026-03-20 15:52:49,353 - TrainerLogger - INFO - 🚀 Зафиксировано классов: 12 (['Background', 'BS_CL_es', 'BS_CL_intermediate', 'Obstacle_CL_ground', 'Obstacle_CL_ground1', 'Obstacle_CL_rail', 'Obstacle_CL_road', 'Obstacle_CL_water', 'Other_CL_sky', 'Superstructure_CL_cons', 'Superstructure_CL_cons_under', 'Superstructure_CL_road'])
2026-03-20 15:52:49,355 - TrainerLogger - INFO - Class mapping saved to /mnt/d/VSC_Progs/G_Intel_4/image_classification_project/artifacts/label_map.json
2026-03-20 15:52:49,360 - TrainerLogger - INFO - 📁 Папка train: Найдено 840 файлов разметки.
2026-03-20 15:52:49,926 - TrainerLogger - INFO - 📁 Папка val: Найдено 8 файлов разметки.
2026-03-20 15:52:51,962 - TrainerLogger - INFO - Building U-Net Semantic Segmentation model...
2026-03-20 15:52:52,395 - TrainerLogger - ERROR - Fatal error during training: name 'sparse_focal_loss' is not defined
Traceback (most recent call last):
  File "/mnt/d/VSC_Progs/G_Intel_4/image_classification_project/train.py", line 22, in main
    model = builder.build()
            ^^^^^^^^^^^^^^^
  File "/mnt/d/VSC_Progs/G_Intel_4/image_classification_project/src/models/model_builder.py", line 148, in build
    loss=sparse_focal_loss(gamma=3.0, bg_weight=0.001),
        ^^^^^^^^^^^^^^^^^
NameError: name 'sparse_focal_loss' is not defined
2026-03-20 15:53:56,159 - TrainerLogger - INFO - 🚀 Зафиксировано классов: 12 (['Background', 'BS_CL_es', 'BS_CL_intermediate', 'Obstacle_CL_ground', 'Obstacle_CL_ground1', 'Obstacle_CL_rail', 'Obstacle_CL_road', 'Obstacle_CL_water', 'Other_CL_sky', 'Superstructure_CL_cons', 'Superstructure_CL_cons_under', 'Superstructure_CL_road'])
2026-03-20 15:53:56,162 - TrainerLogger - INFO - Class mapping saved to /mnt/d/VSC_Progs/G_Intel_4/image_classification_project/artifacts/label_map.json
2026-03-20 15:53:56,169 - TrainerLogger - INFO - 📁 Папка train: Найдено 840 файлов разметки.
2026-03-20 15:53:56,746 - TrainerLogger - INFO - 📁 Папка val: Найдено 8 файлов разметки.
2026-03-20 15:53:57,569 - TrainerLogger - INFO - Building U-Net Semantic Segmentation model...
2026-03-20 15:53:57,999 - TrainerLogger - INFO - U-Net model compiled successfully with FOCAL LOSS.
2026-03-20 15:53:58,010 - TrainerLogger - INFO - Model: "functional"
┏━━━━━━━━━━━━━━━━━━━━━━━━━━━━━━━┳━━━━━━━━━━━━━━━━━━━━━━━━━━━┳━━━━━━━━━━━━━━━━━┳━━━━━━━━━━━━━━━━━━━━━━━━━━━━┓
┃ Layer (type)                  ┃ Output Shape              ┃         Param # ┃ Connected to               ┃
┡━━━━━━━━━━━━━━━━━━━━━━━━━━━━━━━╇━━━━━━━━━━━━━━━━━━━━━━━━━━━╇━━━━━━━━━━━━━━━━━╇━━━━━━━━━━━━━━━━━━━━━━━━━━━━┩
│ input_layer (InputLayer)      │ (None, 512, 512, 3)       │               0 │ -                          │
├───────────────────────────────┼───────────────────────────┼─────────────────┼────────────────────────────┤
│ rescaling (Rescaling)         │ (None, 512, 512, 3)       │               0 │ input_layer[0][0]          │
├───────────────────────────────┼───────────────────────────┼─────────────────┼────────────────────────────┤
│ conv2d (Conv2D)               │ (None, 512, 512, 32)      │             896 │ rescaling[0][0]            │
├───────────────────────────────┼───────────────────────────┼─────────────────┼────────────────────────────┤
│ conv2d_1 (Conv2D)             │ (None, 512, 512, 32)      │           9,248 │ conv2d[0][0]               │
├───────────────────────────────┼───────────────────────────┼─────────────────┼────────────────────────────┤
│ max_pooling2d (MaxPooling2D)  │ (None, 256, 256, 32)      │               0 │ conv2d_1[0][0]             │
├───────────────────────────────┼───────────────────────────┼─────────────────┼────────────────────────────┤
│ conv2d_2 (Conv2D)             │ (None, 256, 256, 64)      │          18,496 │ max_pooling2d[0][0]        │
├───────────────────────────────┼───────────────────────────┼─────────────────┼────────────────────────────┤
│ conv2d_3 (Conv2D)             │ (None, 256, 256, 64)      │          36,928 │ conv2d_2[0][0]             │
├───────────────────────────────┼───────────────────────────┼─────────────────┼────────────────────────────┤
│ max_pooling2d_1               │ (None, 128, 128, 64)      │               0 │ conv2d_3[0][0]             │
│ (MaxPooling2D)                │                           │                 │                            │
├───────────────────────────────┼───────────────────────────┼─────────────────┼────────────────────────────┤
│ conv2d_4 (Conv2D)             │ (None, 128, 128, 128)     │          73,856 │ max_pooling2d_1[0][0]      │
├───────────────────────────────┼───────────────────────────┼─────────────────┼────────────────────────────┤
│ conv2d_5 (Conv2D)             │ (None, 128, 128, 128)     │         147,584 │ conv2d_4[0][0]             │
├───────────────────────────────┼───────────────────────────┼─────────────────┼────────────────────────────┤
│ max_pooling2d_2               │ (None, 64, 64, 128)       │               0 │ conv2d_5[0][0]             │
│ (MaxPooling2D)                │                           │                 │                            │
├───────────────────────────────┼───────────────────────────┼─────────────────┼────────────────────────────┤
│ conv2d_6 (Conv2D)             │ (None, 64, 64, 256)       │         295,168 │ max_pooling2d_2[0][0]      │
├───────────────────────────────┼───────────────────────────┼─────────────────┼────────────────────────────┤
│ conv2d_7 (Conv2D)             │ (None, 64, 64, 256)       │         590,080 │ conv2d_6[0][0]             │
├───────────────────────────────┼───────────────────────────┼─────────────────┼────────────────────────────┤
│ up_sampling2d (UpSampling2D)  │ (None, 128, 128, 256)     │               0 │ conv2d_7[0][0]             │
├───────────────────────────────┼───────────────────────────┼─────────────────┼────────────────────────────┤
│ concatenate (Concatenate)     │ (None, 128, 128, 384)     │               0 │ up_sampling2d[0][0],       │
│                               │                           │                 │ conv2d_5[0][0]             │
├───────────────────────────────┼───────────────────────────┼─────────────────┼────────────────────────────┤
│ conv2d_8 (Conv2D)             │ (None, 128, 128, 128)     │         442,496 │ concatenate[0][0]          │
├───────────────────────────────┼───────────────────────────┼─────────────────┼────────────────────────────┤
│ conv2d_9 (Conv2D)             │ (None, 128, 128, 128)     │         147,584 │ conv2d_8[0][0]             │
├───────────────────────────────┼───────────────────────────┼─────────────────┼────────────────────────────┤
│ up_sampling2d_1               │ (None, 256, 256, 128)     │               0 │ conv2d_9[0][0]             │
│ (UpSampling2D)                │                           │                 │                            │
├───────────────────────────────┼───────────────────────────┼─────────────────┼────────────────────────────┤
│ concatenate_1 (Concatenate)   │ (None, 256, 256, 192)     │               0 │ up_sampling2d_1[0][0],     │
│                               │                           │                 │ conv2d_3[0][0]             │
├───────────────────────────────┼───────────────────────────┼─────────────────┼────────────────────────────┤
│ conv2d_10 (Conv2D)            │ (None, 256, 256, 64)      │         110,656 │ concatenate_1[0][0]        │
├───────────────────────────────┼───────────────────────────┼─────────────────┼────────────────────────────┤
│ conv2d_11 (Conv2D)            │ (None, 256, 256, 64)      │          36,928 │ conv2d_10[0][0]            │
├───────────────────────────────┼───────────────────────────┼─────────────────┼────────────────────────────┤
│ up_sampling2d_2               │ (None, 512, 512, 64)      │               0 │ conv2d_11[0][0]            │
│ (UpSampling2D)                │                           │                 │                            │
├───────────────────────────────┼───────────────────────────┼─────────────────┼────────────────────────────┤
│ concatenate_2 (Concatenate)   │ (None, 512, 512, 96)      │               0 │ up_sampling2d_2[0][0],     │
│                               │                           │                 │ conv2d_1[0][0]             │
├───────────────────────────────┼───────────────────────────┼─────────────────┼────────────────────────────┤
│ conv2d_12 (Conv2D)            │ (None, 512, 512, 32)      │          27,680 │ concatenate_2[0][0]        │
├───────────────────────────────┼───────────────────────────┼─────────────────┼────────────────────────────┤
│ conv2d_13 (Conv2D)            │ (None, 512, 512, 32)      │           9,248 │ conv2d_12[0][0]            │
├───────────────────────────────┼───────────────────────────┼─────────────────┼────────────────────────────┤
│ conv2d_14 (Conv2D)            │ (None, 512, 512, 12)      │             396 │ conv2d_13[0][0]            │
└───────────────────────────────┴───────────────────────────┴─────────────────┴────────────────────────────┘
 Total params: 1,947,244 (7.43 MB)
 Trainable params: 1,947,244 (7.43 MB)
 Non-trainable params: 0 (0.00 B)

2026-03-20 15:53:58,010 - TrainerLogger - INFO - Starting U-Net training process...
2026-03-20 15:58:25,071 - TrainerLogger - INFO - Training completed. Final model saved to /mnt/d/VSC_Progs/G_Intel_4/image_classification_project/models/final_model.keras
2026-03-20 15:58:25,071 - TrainerLogger - INFO - Generating training history plots...
2026-03-20 15:58:25,233 - TrainerLogger - INFO - Evaluation complete.
2026-03-20 15:58:25,234 - TrainerLogger - INFO - Segmentation training finished successfully.
2026-03-20 16:05:35,923 - TrainerLogger - INFO - Scanning for unique classes in JSON files...
2026-03-20 16:05:37,153 - TrainerLogger - INFO - Classes found (12): ['Background', 'BS_CL_es', 'BS_CL_intermediate', 'Obstacle_CL_ground', 'Obstacle_CL_ground1', 'Obstacle_CL_rail', 'Obstacle_CL_road', 'Obstacle_CL_water', 'Other_CL_sky', 'Superstructure_CL_cons', 'Superstructure_CL_cons_under', 'Superstructure_CL_road']
2026-03-20 16:05:37,154 - TrainerLogger - INFO - Class mapping saved to /mnt/d/VSC_Progs/G_Intel_4/image_classification_project/artifacts/label_map.json
2026-03-20 16:05:40,171 - TrainerLogger - INFO - Building U-Net Semantic Segmentation model...
2026-03-20 16:05:40,577 - TrainerLogger - ERROR - Fatal error during training: module 'keras._tf_keras.keras.layers' has no attribute 'Conv2'
Traceback (most recent call last):
  File "/mnt/d/VSC_Progs/G_Intel_4/image_classification_project/train.py", line 22, in main
    model = builder.build()
            ^^^^^^^^^^^^^^^
  File "/mnt/d/VSC_Progs/G_Intel_4/image_classification_project/src/models/model_builder.py", line 108, in build
    c5 = layers.Conv2
         ^^^^^^^^^^^^
AttributeError: module 'keras._tf_keras.keras.layers' has no attribute 'Conv2'. Did you mean: 'Conv2D'?
2026-03-20 16:06:48,374 - TrainerLogger - INFO - Scanning for unique classes in JSON files...
2026-03-20 16:06:49,576 - TrainerLogger - INFO - Classes found (12): ['Background', 'BS_CL_es', 'BS_CL_intermediate', 'Obstacle_CL_ground', 'Obstacle_CL_ground1', 'Obstacle_CL_rail', 'Obstacle_CL_road', 'Obstacle_CL_water', 'Other_CL_sky', 'Superstructure_CL_cons', 'Superstructure_CL_cons_under', 'Superstructure_CL_road']
2026-03-20 16:06:49,578 - TrainerLogger - INFO - Class mapping saved to /mnt/d/VSC_Progs/G_Intel_4/image_classification_project/artifacts/label_map.json
2026-03-20 16:06:51,050 - TrainerLogger - INFO - Building U-Net Semantic Segmentation model...
2026-03-20 16:06:51,473 - TrainerLogger - INFO - U-Net model compiled with spatial_aware_loss and masked_accuracy successfully.
2026-03-20 16:06:51,484 - TrainerLogger - INFO - Model: "functional"
┏━━━━━━━━━━━━━━━━━━━━━━━━━━━━━━━┳━━━━━━━━━━━━━━━━━━━━━━━━━━━┳━━━━━━━━━━━━━━━━━┳━━━━━━━━━━━━━━━━━━━━━━━━━━━━┓
┃ Layer (type)                  ┃ Output Shape              ┃         Param # ┃ Connected to               ┃
┡━━━━━━━━━━━━━━━━━━━━━━━━━━━━━━━╇━━━━━━━━━━━━━━━━━━━━━━━━━━━╇━━━━━━━━━━━━━━━━━╇━━━━━━━━━━━━━━━━━━━━━━━━━━━━┩
│ input_layer (InputLayer)      │ (None, 512, 512, 3)       │               0 │ -                          │
├───────────────────────────────┼───────────────────────────┼─────────────────┼────────────────────────────┤
│ rescaling (Rescaling)         │ (None, 512, 512, 3)       │               0 │ input_layer[0][0]          │
├───────────────────────────────┼───────────────────────────┼─────────────────┼────────────────────────────┤
│ conv2d (Conv2D)               │ (None, 512, 512, 32)      │             896 │ rescaling[0][0]            │
├───────────────────────────────┼───────────────────────────┼─────────────────┼────────────────────────────┤
│ conv2d_1 (Conv2D)             │ (None, 512, 512, 32)      │           9,248 │ conv2d[0][0]               │
├───────────────────────────────┼───────────────────────────┼─────────────────┼────────────────────────────┤
│ max_pooling2d (MaxPooling2D)  │ (None, 256, 256, 32)      │               0 │ conv2d_1[0][0]             │
├───────────────────────────────┼───────────────────────────┼─────────────────┼────────────────────────────┤
│ conv2d_2 (Conv2D)             │ (None, 256, 256, 64)      │          18,496 │ max_pooling2d[0][0]        │
├───────────────────────────────┼───────────────────────────┼─────────────────┼────────────────────────────┤
│ conv2d_3 (Conv2D)             │ (None, 256, 256, 64)      │          36,928 │ conv2d_2[0][0]             │
├───────────────────────────────┼───────────────────────────┼─────────────────┼────────────────────────────┤
│ max_pooling2d_1               │ (None, 128, 128, 64)      │               0 │ conv2d_3[0][0]             │
│ (MaxPooling2D)                │                           │                 │                            │
├───────────────────────────────┼───────────────────────────┼─────────────────┼────────────────────────────┤
│ conv2d_4 (Conv2D)             │ (None, 128, 128, 128)     │          73,856 │ max_pooling2d_1[0][0]      │
├───────────────────────────────┼───────────────────────────┼─────────────────┼────────────────────────────┤
│ conv2d_5 (Conv2D)             │ (None, 128, 128, 128)     │         147,584 │ conv2d_4[0][0]             │
├───────────────────────────────┼───────────────────────────┼─────────────────┼────────────────────────────┤
│ max_pooling2d_2               │ (None, 64, 64, 128)       │               0 │ conv2d_5[0][0]             │
│ (MaxPooling2D)                │                           │                 │                            │
├───────────────────────────────┼───────────────────────────┼─────────────────┼────────────────────────────┤
│ conv2d_6 (Conv2D)             │ (None, 64, 64, 256)       │         295,168 │ max_pooling2d_2[0][0]      │
├───────────────────────────────┼───────────────────────────┼─────────────────┼────────────────────────────┤
│ conv2d_7 (Conv2D)             │ (None, 64, 64, 256)       │         590,080 │ conv2d_6[0][0]             │
├───────────────────────────────┼───────────────────────────┼─────────────────┼────────────────────────────┤
│ up_sampling2d (UpSampling2D)  │ (None, 128, 128, 256)     │               0 │ conv2d_7[0][0]             │
├───────────────────────────────┼───────────────────────────┼─────────────────┼────────────────────────────┤
│ concatenate (Concatenate)     │ (None, 128, 128, 384)     │               0 │ up_sampling2d[0][0],       │
│                               │                           │                 │ conv2d_5[0][0]             │
├───────────────────────────────┼───────────────────────────┼─────────────────┼────────────────────────────┤
│ conv2d_8 (Conv2D)             │ (None, 128, 128, 128)     │         442,496 │ concatenate[0][0]          │
├───────────────────────────────┼───────────────────────────┼─────────────────┼────────────────────────────┤
│ conv2d_9 (Conv2D)             │ (None, 128, 128, 128)     │         147,584 │ conv2d_8[0][0]             │
├───────────────────────────────┼───────────────────────────┼─────────────────┼────────────────────────────┤
│ up_sampling2d_1               │ (None, 256, 256, 128)     │               0 │ conv2d_9[0][0]             │
│ (UpSampling2D)                │                           │                 │                            │
├───────────────────────────────┼───────────────────────────┼─────────────────┼────────────────────────────┤
│ concatenate_1 (Concatenate)   │ (None, 256, 256, 192)     │               0 │ up_sampling2d_1[0][0],     │
│                               │                           │                 │ conv2d_3[0][0]             │
├───────────────────────────────┼───────────────────────────┼─────────────────┼────────────────────────────┤
│ conv2d_10 (Conv2D)            │ (None, 256, 256, 64)      │         110,656 │ concatenate_1[0][0]        │
├───────────────────────────────┼───────────────────────────┼─────────────────┼────────────────────────────┤
│ conv2d_11 (Conv2D)            │ (None, 256, 256, 64)      │          36,928 │ conv2d_10[0][0]            │
├───────────────────────────────┼───────────────────────────┼─────────────────┼────────────────────────────┤
│ up_sampling2d_2               │ (None, 512, 512, 64)      │               0 │ conv2d_11[0][0]            │
│ (UpSampling2D)                │                           │                 │                            │
├───────────────────────────────┼───────────────────────────┼─────────────────┼────────────────────────────┤
│ concatenate_2 (Concatenate)   │ (None, 512, 512, 96)      │               0 │ up_sampling2d_2[0][0],     │
│                               │                           │                 │ conv2d_1[0][0]             │
├───────────────────────────────┼───────────────────────────┼─────────────────┼────────────────────────────┤
│ conv2d_12 (Conv2D)            │ (None, 512, 512, 32)      │          27,680 │ concatenate_2[0][0]        │
├───────────────────────────────┼───────────────────────────┼─────────────────┼────────────────────────────┤
│ conv2d_13 (Conv2D)            │ (None, 512, 512, 32)      │           9,248 │ conv2d_12[0][0]            │
├───────────────────────────────┼───────────────────────────┼─────────────────┼────────────────────────────┤
│ conv2d_14 (Conv2D)            │ (None, 512, 512, 12)      │             396 │ conv2d_13[0][0]            │
└───────────────────────────────┴───────────────────────────┴─────────────────┴────────────────────────────┘
 Total params: 1,947,244 (7.43 MB)
 Trainable params: 1,947,244 (7.43 MB)
 Non-trainable params: 0 (0.00 B)

2026-03-20 16:06:51,484 - TrainerLogger - INFO - Starting U-Net training process...
2026-03-20 16:11:57,434 - TrainerLogger - INFO - Training completed. Final model saved to /mnt/d/VSC_Progs/G_Intel_4/image_classification_project/models/final_model.keras
2026-03-20 16:11:57,435 - TrainerLogger - INFO - Generating training history plots...
2026-03-20 16:11:57,670 - TrainerLogger - INFO - Evaluation complete.
2026-03-20 16:11:57,670 - TrainerLogger - INFO - Segmentation training finished successfully.
2026-03-20 16:16:18,009 - TrainerLogger - INFO - Scanning for unique classes in JSON files...
2026-03-20 16:16:19,110 - TrainerLogger - INFO - Classes found (12): ['Background', 'BS_CL_es', 'BS_CL_intermediate', 'Obstacle_CL_ground', 'Obstacle_CL_ground1', 'Obstacle_CL_rail', 'Obstacle_CL_road', 'Obstacle_CL_water', 'Other_CL_sky', 'Superstructure_CL_cons', 'Superstructure_CL_cons_under', 'Superstructure_CL_road']
2026-03-20 16:16:19,112 - TrainerLogger - INFO - Class mapping saved to /mnt/d/VSC_Progs/G_Intel_4/image_classification_project/artifacts/label_map.json
2026-03-20 16:16:20,688 - TrainerLogger - INFO - ==================================================
2026-03-20 16:16:20,689 - TrainerLogger - INFO - 📂 ДАННЫЕ ДЛЯ ОБУЧЕНИЯ (TRAIN): 688 файлов
2026-03-20 16:16:20,689 - TrainerLogger - INFO - 📂 ДАННЫЕ ДЛЯ ВАЛИДАЦИИ (VAL):  27 файлов
2026-03-20 16:16:20,689 - TrainerLogger - INFO - ==================================================
2026-03-20 16:16:23,524 - TrainerLogger - INFO - Building U-Net Semantic Segmentation model...
2026-03-20 16:16:23,951 - TrainerLogger - INFO - U-Net model compiled with spatial_aware_loss and masked_accuracy successfully.
2026-03-20 16:16:23,961 - TrainerLogger - INFO - Model: "functional"
┏━━━━━━━━━━━━━━━━━━━━━━━━━━━━━━━┳━━━━━━━━━━━━━━━━━━━━━━━━━━━┳━━━━━━━━━━━━━━━━━┳━━━━━━━━━━━━━━━━━━━━━━━━━━━━┓
┃ Layer (type)                  ┃ Output Shape              ┃         Param # ┃ Connected to               ┃
┡━━━━━━━━━━━━━━━━━━━━━━━━━━━━━━━╇━━━━━━━━━━━━━━━━━━━━━━━━━━━╇━━━━━━━━━━━━━━━━━╇━━━━━━━━━━━━━━━━━━━━━━━━━━━━┩
│ input_layer (InputLayer)      │ (None, 512, 512, 3)       │               0 │ -                          │
├───────────────────────────────┼───────────────────────────┼─────────────────┼────────────────────────────┤
│ rescaling (Rescaling)         │ (None, 512, 512, 3)       │               0 │ input_layer[0][0]          │
├───────────────────────────────┼───────────────────────────┼─────────────────┼────────────────────────────┤
│ conv2d (Conv2D)               │ (None, 512, 512, 32)      │             896 │ rescaling[0][0]            │
├───────────────────────────────┼───────────────────────────┼─────────────────┼────────────────────────────┤
│ conv2d_1 (Conv2D)             │ (None, 512, 512, 32)      │           9,248 │ conv2d[0][0]               │
├───────────────────────────────┼───────────────────────────┼─────────────────┼────────────────────────────┤
│ max_pooling2d (MaxPooling2D)  │ (None, 256, 256, 32)      │               0 │ conv2d_1[0][0]             │
├───────────────────────────────┼───────────────────────────┼─────────────────┼────────────────────────────┤
│ conv2d_2 (Conv2D)             │ (None, 256, 256, 64)      │          18,496 │ max_pooling2d[0][0]        │
├───────────────────────────────┼───────────────────────────┼─────────────────┼────────────────────────────┤
│ conv2d_3 (Conv2D)             │ (None, 256, 256, 64)      │          36,928 │ conv2d_2[0][0]             │
├───────────────────────────────┼───────────────────────────┼─────────────────┼────────────────────────────┤
│ max_pooling2d_1               │ (None, 128, 128, 64)      │               0 │ conv2d_3[0][0]             │
│ (MaxPooling2D)                │                           │                 │                            │
├───────────────────────────────┼───────────────────────────┼─────────────────┼────────────────────────────┤
│ conv2d_4 (Conv2D)             │ (None, 128, 128, 128)     │          73,856 │ max_pooling2d_1[0][0]      │
├───────────────────────────────┼───────────────────────────┼─────────────────┼────────────────────────────┤
│ conv2d_5 (Conv2D)             │ (None, 128, 128, 128)     │         147,584 │ conv2d_4[0][0]             │
├───────────────────────────────┼───────────────────────────┼─────────────────┼────────────────────────────┤
│ max_pooling2d_2               │ (None, 64, 64, 128)       │               0 │ conv2d_5[0][0]             │
│ (MaxPooling2D)                │                           │                 │                            │
├───────────────────────────────┼───────────────────────────┼─────────────────┼────────────────────────────┤
│ conv2d_6 (Conv2D)             │ (None, 64, 64, 256)       │         295,168 │ max_pooling2d_2[0][0]      │
├───────────────────────────────┼───────────────────────────┼─────────────────┼────────────────────────────┤
│ conv2d_7 (Conv2D)             │ (None, 64, 64, 256)       │         590,080 │ conv2d_6[0][0]             │
├───────────────────────────────┼───────────────────────────┼─────────────────┼────────────────────────────┤
│ up_sampling2d (UpSampling2D)  │ (None, 128, 128, 256)     │               0 │ conv2d_7[0][0]             │
├───────────────────────────────┼───────────────────────────┼─────────────────┼────────────────────────────┤
│ concatenate (Concatenate)     │ (None, 128, 128, 384)     │               0 │ up_sampling2d[0][0],       │
│                               │                           │                 │ conv2d_5[0][0]             │
├───────────────────────────────┼───────────────────────────┼─────────────────┼────────────────────────────┤
│ conv2d_8 (Conv2D)             │ (None, 128, 128, 128)     │         442,496 │ concatenate[0][0]          │
├───────────────────────────────┼───────────────────────────┼─────────────────┼────────────────────────────┤
│ conv2d_9 (Conv2D)             │ (None, 128, 128, 128)     │         147,584 │ conv2d_8[0][0]             │
├───────────────────────────────┼───────────────────────────┼─────────────────┼────────────────────────────┤
│ up_sampling2d_1               │ (None, 256, 256, 128)     │               0 │ conv2d_9[0][0]             │
│ (UpSampling2D)                │                           │                 │                            │
├───────────────────────────────┼───────────────────────────┼─────────────────┼────────────────────────────┤
│ concatenate_1 (Concatenate)   │ (None, 256, 256, 192)     │               0 │ up_sampling2d_1[0][0],     │
│                               │                           │                 │ conv2d_3[0][0]             │
├───────────────────────────────┼───────────────────────────┼─────────────────┼────────────────────────────┤
│ conv2d_10 (Conv2D)            │ (None, 256, 256, 64)      │         110,656 │ concatenate_1[0][0]        │
├───────────────────────────────┼───────────────────────────┼─────────────────┼────────────────────────────┤
│ conv2d_11 (Conv2D)            │ (None, 256, 256, 64)      │          36,928 │ conv2d_10[0][0]            │
├───────────────────────────────┼───────────────────────────┼─────────────────┼────────────────────────────┤
│ up_sampling2d_2               │ (None, 512, 512, 64)      │               0 │ conv2d_11[0][0]            │
│ (UpSampling2D)                │                           │                 │                            │
├───────────────────────────────┼───────────────────────────┼─────────────────┼────────────────────────────┤
│ concatenate_2 (Concatenate)   │ (None, 512, 512, 96)      │               0 │ up_sampling2d_2[0][0],     │
│                               │                           │                 │ conv2d_1[0][0]             │
├───────────────────────────────┼───────────────────────────┼─────────────────┼────────────────────────────┤
│ conv2d_12 (Conv2D)            │ (None, 512, 512, 32)      │          27,680 │ concatenate_2[0][0]        │
├───────────────────────────────┼───────────────────────────┼─────────────────┼────────────────────────────┤
│ conv2d_13 (Conv2D)            │ (None, 512, 512, 32)      │           9,248 │ conv2d_12[0][0]            │
├───────────────────────────────┼───────────────────────────┼─────────────────┼────────────────────────────┤
│ conv2d_14 (Conv2D)            │ (None, 512, 512, 12)      │             396 │ conv2d_13[0][0]            │
└───────────────────────────────┴───────────────────────────┴─────────────────┴────────────────────────────┘
 Total params: 1,947,244 (7.43 MB)
 Trainable params: 1,947,244 (7.43 MB)
 Non-trainable params: 0 (0.00 B)

2026-03-20 16:16:23,962 - TrainerLogger - INFO - Starting U-Net training process...
2026-03-20 16:21:05,120 - TrainerLogger - INFO - Training completed. Final model saved to /mnt/d/VSC_Progs/G_Intel_4/image_classification_project/models/final_model.keras
2026-03-20 16:21:05,121 - TrainerLogger - INFO - Generating training history plots...
2026-03-20 16:21:05,281 - TrainerLogger - INFO - Evaluation complete.
2026-03-20 16:21:05,281 - TrainerLogger - INFO - Segmentation training finished successfully.
2026-03-20 16:22:37,340 - TrainerLogger - INFO - ✅ Успех: Memory Growth включен для 1 GPU.
2026-03-20 16:22:37,341 - TrainerLogger - INFO - ⚡ Успех: Mixed Precision включен. Compute dtype: float16, Variable dtype: float32
2026-03-20 16:22:37,341 - TrainerLogger - INFO - Scanning for unique classes in JSON files...
2026-03-20 16:22:38,515 - TrainerLogger - INFO - Classes found (12): ['Background', 'BS_CL_es', 'BS_CL_intermediate', 'Obstacle_CL_ground', 'Obstacle_CL_ground1', 'Obstacle_CL_rail', 'Obstacle_CL_road', 'Obstacle_CL_water', 'Other_CL_sky', 'Superstructure_CL_cons', 'Superstructure_CL_cons_under', 'Superstructure_CL_road']
2026-03-20 16:22:38,516 - TrainerLogger - INFO - Class mapping saved to /mnt/d/VSC_Progs/G_Intel_4/image_classification_project/artifacts/label_map.json
2026-03-20 16:22:40,084 - TrainerLogger - INFO - ==================================================
2026-03-20 16:22:40,085 - TrainerLogger - INFO - 📂 ДАННЫЕ ДЛЯ ОБУЧЕНИЯ (TRAIN): 688 файлов
2026-03-20 16:22:40,085 - TrainerLogger - INFO - 📂 ДАННЫЕ ДЛЯ ВАЛИДАЦИИ (VAL):  27 файлов
2026-03-20 16:22:40,085 - TrainerLogger - INFO - ==================================================
2026-03-20 16:22:40,927 - TrainerLogger - INFO - Building U-Net Semantic Segmentation model...
2026-03-20 16:22:41,365 - TrainerLogger - INFO - U-Net model compiled with spatial_aware_loss and masked_accuracy successfully.
2026-03-20 16:22:41,374 - TrainerLogger - INFO - Model: "functional"
┏━━━━━━━━━━━━━━━━━━━━━━━━━━━━━━━┳━━━━━━━━━━━━━━━━━━━━━━━━━━━┳━━━━━━━━━━━━━━━━━┳━━━━━━━━━━━━━━━━━━━━━━━━━━━━┓
┃ Layer (type)                  ┃ Output Shape              ┃         Param # ┃ Connected to               ┃
┡━━━━━━━━━━━━━━━━━━━━━━━━━━━━━━━╇━━━━━━━━━━━━━━━━━━━━━━━━━━━╇━━━━━━━━━━━━━━━━━╇━━━━━━━━━━━━━━━━━━━━━━━━━━━━┩
│ input_layer (InputLayer)      │ (None, 512, 512, 3)       │               0 │ -                          │
├───────────────────────────────┼───────────────────────────┼─────────────────┼────────────────────────────┤
│ rescaling (Rescaling)         │ (None, 512, 512, 3)       │               0 │ input_layer[0][0]          │
├───────────────────────────────┼───────────────────────────┼─────────────────┼────────────────────────────┤
│ conv2d (Conv2D)               │ (None, 512, 512, 32)      │             896 │ rescaling[0][0]            │
├───────────────────────────────┼───────────────────────────┼─────────────────┼────────────────────────────┤
│ conv2d_1 (Conv2D)             │ (None, 512, 512, 32)      │           9,248 │ conv2d[0][0]               │
├───────────────────────────────┼───────────────────────────┼─────────────────┼────────────────────────────┤
│ max_pooling2d (MaxPooling2D)  │ (None, 256, 256, 32)      │               0 │ conv2d_1[0][0]             │
├───────────────────────────────┼───────────────────────────┼─────────────────┼────────────────────────────┤
│ conv2d_2 (Conv2D)             │ (None, 256, 256, 64)      │          18,496 │ max_pooling2d[0][0]        │
├───────────────────────────────┼───────────────────────────┼─────────────────┼────────────────────────────┤
│ conv2d_3 (Conv2D)             │ (None, 256, 256, 64)      │          36,928 │ conv2d_2[0][0]             │
├───────────────────────────────┼───────────────────────────┼─────────────────┼────────────────────────────┤
│ max_pooling2d_1               │ (None, 128, 128, 64)      │               0 │ conv2d_3[0][0]             │
│ (MaxPooling2D)                │                           │                 │                            │
├───────────────────────────────┼───────────────────────────┼─────────────────┼────────────────────────────┤
│ conv2d_4 (Conv2D)             │ (None, 128, 128, 128)     │          73,856 │ max_pooling2d_1[0][0]      │
├───────────────────────────────┼───────────────────────────┼─────────────────┼────────────────────────────┤
│ conv2d_5 (Conv2D)             │ (None, 128, 128, 128)     │         147,584 │ conv2d_4[0][0]             │
├───────────────────────────────┼───────────────────────────┼─────────────────┼────────────────────────────┤
│ max_pooling2d_2               │ (None, 64, 64, 128)       │               0 │ conv2d_5[0][0]             │
│ (MaxPooling2D)                │                           │                 │                            │
├───────────────────────────────┼───────────────────────────┼─────────────────┼────────────────────────────┤
│ conv2d_6 (Conv2D)             │ (None, 64, 64, 256)       │         295,168 │ max_pooling2d_2[0][0]      │
├───────────────────────────────┼───────────────────────────┼─────────────────┼────────────────────────────┤
│ conv2d_7 (Conv2D)             │ (None, 64, 64, 256)       │         590,080 │ conv2d_6[0][0]             │
├───────────────────────────────┼───────────────────────────┼─────────────────┼────────────────────────────┤
│ up_sampling2d (UpSampling2D)  │ (None, 128, 128, 256)     │               0 │ conv2d_7[0][0]             │
├───────────────────────────────┼───────────────────────────┼─────────────────┼────────────────────────────┤
│ concatenate (Concatenate)     │ (None, 128, 128, 384)     │               0 │ up_sampling2d[0][0],       │
│                               │                           │                 │ conv2d_5[0][0]             │
├───────────────────────────────┼───────────────────────────┼─────────────────┼────────────────────────────┤
│ conv2d_8 (Conv2D)             │ (None, 128, 128, 128)     │         442,496 │ concatenate[0][0]          │
├───────────────────────────────┼───────────────────────────┼─────────────────┼────────────────────────────┤
│ conv2d_9 (Conv2D)             │ (None, 128, 128, 128)     │         147,584 │ conv2d_8[0][0]             │
├───────────────────────────────┼───────────────────────────┼─────────────────┼────────────────────────────┤
│ up_sampling2d_1               │ (None, 256, 256, 128)     │               0 │ conv2d_9[0][0]             │
│ (UpSampling2D)                │                           │                 │                            │
├───────────────────────────────┼───────────────────────────┼─────────────────┼────────────────────────────┤
│ concatenate_1 (Concatenate)   │ (None, 256, 256, 192)     │               0 │ up_sampling2d_1[0][0],     │
│                               │                           │                 │ conv2d_3[0][0]             │
├───────────────────────────────┼───────────────────────────┼─────────────────┼────────────────────────────┤
│ conv2d_10 (Conv2D)            │ (None, 256, 256, 64)      │         110,656 │ concatenate_1[0][0]        │
├───────────────────────────────┼───────────────────────────┼─────────────────┼────────────────────────────┤
│ conv2d_11 (Conv2D)            │ (None, 256, 256, 64)      │          36,928 │ conv2d_10[0][0]            │
├───────────────────────────────┼───────────────────────────┼─────────────────┼────────────────────────────┤
│ up_sampling2d_2               │ (None, 512, 512, 64)      │               0 │ conv2d_11[0][0]            │
│ (UpSampling2D)                │                           │                 │                            │
├───────────────────────────────┼───────────────────────────┼─────────────────┼────────────────────────────┤
│ concatenate_2 (Concatenate)   │ (None, 512, 512, 96)      │               0 │ up_sampling2d_2[0][0],     │
│                               │                           │                 │ conv2d_1[0][0]             │
├───────────────────────────────┼───────────────────────────┼─────────────────┼────────────────────────────┤
│ conv2d_12 (Conv2D)            │ (None, 512, 512, 32)      │          27,680 │ concatenate_2[0][0]        │
├───────────────────────────────┼───────────────────────────┼─────────────────┼────────────────────────────┤
│ conv2d_13 (Conv2D)            │ (None, 512, 512, 32)      │           9,248 │ conv2d_12[0][0]            │
├───────────────────────────────┼───────────────────────────┼─────────────────┼────────────────────────────┤
│ conv2d_14 (Conv2D)            │ (None, 512, 512, 12)      │             396 │ conv2d_13[0][0]            │
└───────────────────────────────┴───────────────────────────┴─────────────────┴────────────────────────────┘
 Total params: 1,947,244 (7.43 MB)
 Trainable params: 1,947,244 (7.43 MB)
 Non-trainable params: 0 (0.00 B)

2026-03-20 16:22:41,375 - TrainerLogger - INFO - Starting U-Net training process...
2026-03-20 16:57:28,270 - TrainerLogger - INFO - Training completed. Final model saved to /mnt/d/VSC_Progs/G_Intel_4/image_classification_project/models/final_model.keras
2026-03-20 16:57:28,271 - TrainerLogger - INFO - Generating training history plots...
2026-03-20 16:57:28,434 - TrainerLogger - INFO - Evaluation complete.
2026-03-20 16:57:28,434 - TrainerLogger - INFO - Segmentation training finished successfully.
2026-03-20 17:05:27,011 - TrainerLogger - INFO - ✅ Успех: Memory Growth включен для 1 GPU.
2026-03-20 17:05:27,011 - TrainerLogger - INFO - ⚡ Успех: Mixed Precision включен.
2026-03-20 17:05:27,012 - TrainerLogger - INFO - Scanning for unique classes in JSON files...
2026-03-20 17:05:28,157 - TrainerLogger - INFO - Classes found (12): ['Background', 'BS_CL_es', 'BS_CL_intermediate', 'Obstacle_CL_ground', 'Obstacle_CL_ground1', 'Obstacle_CL_rail', 'Obstacle_CL_road', 'Obstacle_CL_water', 'Other_CL_sky', 'Superstructure_CL_cons', 'Superstructure_CL_cons_under', 'Superstructure_CL_road']
2026-03-20 17:05:28,158 - TrainerLogger - INFO - Class mapping saved to /mnt/d/VSC_Progs/G_Intel_4/image_classification_project/artifacts/label_map.json
2026-03-20 17:05:30,010 - TrainerLogger - INFO - ==================================================
2026-03-20 17:05:30,010 - TrainerLogger - INFO - 📂 ДАННЫЕ ДЛЯ ОБУЧЕНИЯ (TRAIN): 688 файлов
2026-03-20 17:05:30,010 - TrainerLogger - INFO - 📂 ДАННЫЕ ДЛЯ ВАЛИДАЦИИ (VAL):  27 файлов
2026-03-20 17:05:30,010 - TrainerLogger - INFO - ==================================================
2026-03-20 17:05:30,808 - TrainerLogger - INFO - Building U-Net Semantic Segmentation model...
2026-03-20 17:05:31,259 - TrainerLogger - INFO - U-Net model compiled with spatial_aware_loss and masked_accuracy successfully.
2026-03-20 17:05:31,259 - TrainerLogger - INFO - Starting U-Net training process...
2026-03-20 17:05:38,996 - TrainerLogger - INFO - ✅ Успех: Memory Growth включен для 1 GPU.
2026-03-20 17:05:38,996 - TrainerLogger - INFO - ⚡ Успех: Mixed Precision включен.
2026-03-20 17:05:38,996 - TrainerLogger - INFO - Scanning for unique classes in JSON files...
2026-03-20 17:05:40,060 - TrainerLogger - INFO - Classes found (12): ['Background', 'BS_CL_es', 'BS_CL_intermediate', 'Obstacle_CL_ground', 'Obstacle_CL_ground1', 'Obstacle_CL_rail', 'Obstacle_CL_road', 'Obstacle_CL_water', 'Other_CL_sky', 'Superstructure_CL_cons', 'Superstructure_CL_cons_under', 'Superstructure_CL_road']
2026-03-20 17:05:40,061 - TrainerLogger - INFO - Class mapping saved to /mnt/d/VSC_Progs/G_Intel_4/image_classification_project/artifacts/label_map.json
2026-03-20 17:05:41,953 - TrainerLogger - INFO - ==================================================
2026-03-20 17:05:41,953 - TrainerLogger - INFO - 📂 ДАННЫЕ ДЛЯ ОБУЧЕНИЯ (TRAIN): 688 файлов
2026-03-20 17:05:41,953 - TrainerLogger - INFO - 📂 ДАННЫЕ ДЛЯ ВАЛИДАЦИИ (VAL):  27 файлов
2026-03-20 17:05:41,953 - TrainerLogger - INFO - ==================================================
2026-03-20 17:05:42,737 - TrainerLogger - INFO - Building U-Net Semantic Segmentation model...
2026-03-20 17:05:43,173 - TrainerLogger - INFO - U-Net model compiled with spatial_aware_loss and masked_accuracy successfully.
2026-03-20 17:05:43,173 - TrainerLogger - INFO - Starting U-Net training process...
2026-03-20 17:16:52,442 - TrainerLogger - INFO - ✅ Успех: Memory Growth включен для 1 GPU.
2026-03-20 17:16:52,442 - TrainerLogger - INFO - ⚡ Успех: Mixed Precision включен.
2026-03-20 17:16:52,443 - TrainerLogger - INFO - Scanning for unique classes in JSON files...
2026-03-20 17:16:53,481 - TrainerLogger - INFO - Classes found (12): ['Background', 'BS_CL_es', 'BS_CL_intermediate', 'Obstacle_CL_ground', 'Obstacle_CL_ground1', 'Obstacle_CL_rail', 'Obstacle_CL_road', 'Obstacle_CL_water', 'Other_CL_sky', 'Superstructure_CL_cons', 'Superstructure_CL_cons_under', 'Superstructure_CL_road']
2026-03-20 17:16:53,482 - TrainerLogger - INFO - Class mapping saved to /mnt/d/VSC_Progs/G_Intel_4/image_classification_project/artifacts/label_map.json
2026-03-20 17:16:55,003 - TrainerLogger - INFO - ==================================================
2026-03-20 17:16:55,003 - TrainerLogger - INFO - 📂 ДАННЫЕ ДЛЯ ОБУЧЕНИЯ (TRAIN): 688 файлов
2026-03-20 17:16:55,003 - TrainerLogger - INFO - 📂 ДАННЫЕ ДЛЯ ВАЛИДАЦИИ (VAL):  27 файлов
2026-03-20 17:16:55,003 - TrainerLogger - INFO - ==================================================
2026-03-20 17:16:55,768 - TrainerLogger - INFO - Building U-Net with Class Balancing...
2026-03-20 17:16:56,253 - TrainerLogger - INFO - Starting U-Net training process...
2026-03-20 17:19:24,969 - TrainerLogger - INFO - ✅ Успех: Memory Growth включен для 1 GPU.
2026-03-20 17:19:24,969 - TrainerLogger - INFO - ⚡ Успех: Mixed Precision включен.
2026-03-20 17:19:24,970 - TrainerLogger - INFO - Scanning for unique classes in JSON files...
2026-03-20 17:19:26,095 - TrainerLogger - INFO - Classes found (12): ['Background', 'BS_CL_es', 'BS_CL_intermediate', 'Obstacle_CL_ground', 'Obstacle_CL_ground1', 'Obstacle_CL_rail', 'Obstacle_CL_road', 'Obstacle_CL_water', 'Other_CL_sky', 'Superstructure_CL_cons', 'Superstructure_CL_cons_under', 'Superstructure_CL_road']
2026-03-20 17:19:26,096 - TrainerLogger - INFO - Class mapping saved to /mnt/d/VSC_Progs/G_Intel_4/image_classification_project/artifacts/label_map.json
2026-03-20 17:19:27,921 - TrainerLogger - INFO - ==================================================
2026-03-20 17:19:27,921 - TrainerLogger - INFO - 📂 ДАННЫЕ ДЛЯ ОБУЧЕНИЯ (TRAIN): 688 файлов
2026-03-20 17:19:27,921 - TrainerLogger - INFO - 📂 ДАННЫЕ ДЛЯ ВАЛИДАЦИИ (VAL):  27 файлов
2026-03-20 17:19:27,922 - TrainerLogger - INFO - ==================================================
2026-03-20 17:19:28,698 - TrainerLogger - INFO - Building U-Net with Class Balancing...
2026-03-20 17:19:29,179 - TrainerLogger - INFO - Starting U-Net training process...
2026-03-20 17:21:53,215 - TrainerLogger - INFO - Training completed. Final model saved to /mnt/d/VSC_Progs/G_Intel_4/image_classification_project/models/final_model.keras
2026-03-20 17:21:53,215 - TrainerLogger - INFO - Generating training history plots...
2026-03-20 17:21:53,383 - TrainerLogger - INFO - Evaluation complete.
2026-03-20 17:21:53,383 - TrainerLogger - INFO - Segmentation training finished successfully.
2026-03-20 17:22:31,709 - TrainerLogger - INFO - ✅ Успех: Memory Growth включен для 1 GPU.
2026-03-20 17:22:31,709 - TrainerLogger - INFO - ⚡ Успех: Mixed Precision включен.
2026-03-20 17:22:31,710 - TrainerLogger - INFO - Scanning for unique classes in JSON files...
2026-03-20 17:22:32,831 - TrainerLogger - INFO - Classes found (12): ['Background', 'BS_CL_es', 'BS_CL_intermediate', 'Obstacle_CL_ground', 'Obstacle_CL_ground1', 'Obstacle_CL_rail', 'Obstacle_CL_road', 'Obstacle_CL_water', 'Other_CL_sky', 'Superstructure_CL_cons', 'Superstructure_CL_cons_under', 'Superstructure_CL_road']
2026-03-20 17:22:32,832 - TrainerLogger - INFO - Class mapping saved to /mnt/d/VSC_Progs/G_Intel_4/image_classification_project/artifacts/label_map.json
2026-03-20 17:22:34,460 - TrainerLogger - INFO - ==================================================
2026-03-20 17:22:34,460 - TrainerLogger - INFO - 📂 ДАННЫЕ ДЛЯ ОБУЧЕНИЯ (TRAIN): 688 файлов
2026-03-20 17:22:34,461 - TrainerLogger - INFO - 📂 ДАННЫЕ ДЛЯ ВАЛИДАЦИИ (VAL):  27 файлов
2026-03-20 17:22:34,461 - TrainerLogger - INFO - ==================================================
2026-03-20 17:22:35,260 - TrainerLogger - INFO - Building U-Net with Class Balancing...
2026-03-20 17:22:35,736 - TrainerLogger - INFO - Starting U-Net training process...
2026-03-20 17:25:01,038 - TrainerLogger - INFO - Training completed. Final model saved to /mnt/d/VSC_Progs/G_Intel_4/image_classification_project/models/final_model.keras
2026-03-20 17:25:01,038 - TrainerLogger - INFO - Generating training history plots...
2026-03-20 17:25:01,218 - TrainerLogger - INFO - Evaluation complete.
2026-03-20 17:25:01,218 - TrainerLogger - INFO - Segmentation training finished successfully.
2026-03-20 17:25:52,101 - TrainerLogger - INFO - ✅ Успех: Memory Growth включен для 1 GPU.
2026-03-20 17:25:52,101 - TrainerLogger - INFO - ⚡ Успех: Mixed Precision включен.
2026-03-20 17:25:52,101 - TrainerLogger - INFO - Scanning for unique classes in JSON files...
2026-03-20 17:25:53,142 - TrainerLogger - INFO - Classes found (12): ['Background', 'BS_CL_es', 'BS_CL_intermediate', 'Obstacle_CL_ground', 'Obstacle_CL_ground1', 'Obstacle_CL_rail', 'Obstacle_CL_road', 'Obstacle_CL_water', 'Other_CL_sky', 'Superstructure_CL_cons', 'Superstructure_CL_cons_under', 'Superstructure_CL_road']
2026-03-20 17:25:53,143 - TrainerLogger - INFO - Class mapping saved to /mnt/d/VSC_Progs/G_Intel_4/image_classification_project/artifacts/label_map.json
2026-03-20 17:25:54,806 - TrainerLogger - INFO - ==================================================
2026-03-20 17:25:54,806 - TrainerLogger - INFO - 📂 ДАННЫЕ ДЛЯ ОБУЧЕНИЯ (TRAIN): 688 файлов
2026-03-20 17:25:54,807 - TrainerLogger - INFO - 📂 ДАННЫЕ ДЛЯ ВАЛИДАЦИИ (VAL):  27 файлов
2026-03-20 17:25:54,807 - TrainerLogger - INFO - ==================================================
2026-03-20 17:25:55,598 - TrainerLogger - INFO - Building U-Net with Class Balancing...
2026-03-20 17:25:56,101 - TrainerLogger - INFO - Starting U-Net training process...
2026-03-20 17:28:21,163 - TrainerLogger - INFO - Training completed. Final model saved to /mnt/d/VSC_Progs/G_Intel_4/image_classification_project/models/final_model.keras
2026-03-20 17:28:21,163 - TrainerLogger - INFO - Generating training history plots...
2026-03-20 17:28:21,335 - TrainerLogger - INFO - Evaluation complete.
2026-03-20 17:28:21,336 - TrainerLogger - INFO - Segmentation training finished successfully.
2026-03-20 17:34:15,989 - TrainerLogger - INFO - ✅ Успех: Memory Growth включен для 1 GPU.
2026-03-20 17:34:15,989 - TrainerLogger - INFO - ⚡ Успех: Mixed Precision включен.
2026-03-20 17:34:15,989 - TrainerLogger - INFO - Scanning for unique classes in JSON files...
2026-03-20 17:34:17,212 - TrainerLogger - INFO - Classes found (12): ['Background', 'BS_CL_es', 'BS_CL_intermediate', 'Obstacle_CL_ground', 'Obstacle_CL_ground1', 'Obstacle_CL_rail', 'Obstacle_CL_road', 'Obstacle_CL_water', 'Other_CL_sky', 'Superstructure_CL_cons', 'Superstructure_CL_cons_under', 'Superstructure_CL_road']
2026-03-20 17:34:17,213 - TrainerLogger - INFO - Class mapping saved to /mnt/d/VSC_Progs/G_Intel_4/image_classification_project/artifacts/label_map.json
2026-03-20 17:34:18,764 - TrainerLogger - INFO - ==================================================
2026-03-20 17:34:18,764 - TrainerLogger - INFO - 📂 ДАННЫЕ ДЛЯ ОБУЧЕНИЯ (TRAIN): 688 файлов
2026-03-20 17:34:18,764 - TrainerLogger - INFO - 📂 ДАННЫЕ ДЛЯ ВАЛИДАЦИИ (VAL):  27 файлов
2026-03-20 17:34:18,764 - TrainerLogger - INFO - ==================================================
2026-03-20 17:34:19,517 - TrainerLogger - INFO - Building U-Net with Class Balancing...
2026-03-20 17:34:19,997 - TrainerLogger - INFO - Starting U-Net training process...
2026-03-20 17:34:19,998 - TrainerLogger - ERROR - Fatal error during training: name 'val_ds' is not defined
Traceback (most recent call last):
  File "/mnt/d/VSC_Progs/G_Intel_4/image_classification_project/train.py", line 46, in main
    history = trainer.train(train_ds, val_ds, train_count, val_count)
              ^^^^^^^^^^^^^^^^^^^^^^^^^^^^^^^^^^^^^^^^^^^^^^^^^^^^^^^
  File "/mnt/d/VSC_Progs/G_Intel_4/image_classification_project/src/training/trainer.py", line 64, in train
    callbacks=self._get_callbacks()
              ^^^^^^^^^^^^^^^^^^^^^
  File "/mnt/d/VSC_Progs/G_Intel_4/image_classification_project/src/training/trainer.py", line 21, in _get_callbacks
    val_data=val_ds,
            ^^^^^^
NameError: name 'val_ds' is not defined
2026-03-20 17:35:53,257 - TrainerLogger - INFO - ✅ Успех: Memory Growth включен для 1 GPU.
2026-03-20 17:35:53,257 - TrainerLogger - INFO - ⚡ Успех: Mixed Precision включен.
2026-03-20 17:35:53,257 - TrainerLogger - INFO - Scanning for unique classes in JSON files...
2026-03-20 17:35:54,497 - TrainerLogger - INFO - Classes found (12): ['Background', 'BS_CL_es', 'BS_CL_intermediate', 'Obstacle_CL_ground', 'Obstacle_CL_ground1', 'Obstacle_CL_rail', 'Obstacle_CL_road', 'Obstacle_CL_water', 'Other_CL_sky', 'Superstructure_CL_cons', 'Superstructure_CL_cons_under', 'Superstructure_CL_road']
2026-03-20 17:35:54,498 - TrainerLogger - INFO - Class mapping saved to /mnt/d/VSC_Progs/G_Intel_4/image_classification_project/artifacts/label_map.json
2026-03-20 17:35:56,494 - TrainerLogger - INFO - ==================================================
2026-03-20 17:35:56,495 - TrainerLogger - INFO - 📂 ДАННЫЕ ДЛЯ ОБУЧЕНИЯ (TRAIN): 688 файлов
2026-03-20 17:35:56,495 - TrainerLogger - INFO - 📂 ДАННЫЕ ДЛЯ ВАЛИДАЦИИ (VAL):  27 файлов
2026-03-20 17:35:56,495 - TrainerLogger - INFO - ==================================================
2026-03-20 17:35:57,286 - TrainerLogger - INFO - Building U-Net for 12 classes...
2026-03-20 17:35:57,772 - TrainerLogger - INFO - Starting U-Net training process...
2026-03-20 17:38:22,284 - TrainerLogger - INFO - Training completed. Final model saved to /mnt/d/VSC_Progs/G_Intel_4/image_classification_project/models/final_model.keras
2026-03-20 17:38:22,284 - TrainerLogger - INFO - Generating training history plots...
2026-03-20 17:38:22,452 - TrainerLogger - INFO - Evaluation complete.
2026-03-20 17:38:22,452 - TrainerLogger - INFO - Segmentation training finished successfully.
2026-03-20 17:40:40,046 - TrainerLogger - INFO - ✅ Успех: Memory Growth включен для 1 GPU.
2026-03-20 17:40:40,047 - TrainerLogger - INFO - ⚡ Успех: Mixed Precision включен.
2026-03-20 17:40:40,047 - TrainerLogger - INFO - Scanning for unique classes in JSON files...
2026-03-20 17:40:41,220 - TrainerLogger - INFO - Classes found (12): ['Background', 'BS_CL_es', 'BS_CL_intermediate', 'Obstacle_CL_ground', 'Obstacle_CL_ground1', 'Obstacle_CL_rail', 'Obstacle_CL_road', 'Obstacle_CL_water', 'Other_CL_sky', 'Superstructure_CL_cons', 'Superstructure_CL_cons_under', 'Superstructure_CL_road']
2026-03-20 17:40:41,221 - TrainerLogger - INFO - Class mapping saved to /mnt/d/VSC_Progs/G_Intel_4/image_classification_project/artifacts/label_map.json
2026-03-20 17:40:43,015 - TrainerLogger - INFO - ==================================================
2026-03-20 17:40:43,015 - TrainerLogger - INFO - 📂 ДАННЫЕ ДЛЯ ОБУЧЕНИЯ (TRAIN): 688 файлов
2026-03-20 17:40:43,015 - TrainerLogger - INFO - 📂 ДАННЫЕ ДЛЯ ВАЛИДАЦИИ (VAL):  27 файлов
2026-03-20 17:40:43,016 - TrainerLogger - INFO - ==================================================
2026-03-20 17:40:43,789 - TrainerLogger - INFO - Building U-Net for 12 classes...
2026-03-20 17:40:44,269 - TrainerLogger - INFO - Starting U-Net training process...
2026-03-20 17:40:44,269 - TrainerLogger - INFO - 📈 LossDecompositionCallback успешно добавлен в очередь.
2026-03-20 17:44:08,296 - TrainerLogger - INFO - Training completed. Final model saved to /mnt/d/VSC_Progs/G_Intel_4/image_classification_project/models/final_model.keras
2026-03-20 17:44:08,297 - TrainerLogger - INFO - Generating training history plots...
2026-03-20 17:44:08,468 - TrainerLogger - INFO - Evaluation complete.
2026-03-20 17:44:08,468 - TrainerLogger - INFO - Segmentation training finished successfully.
2026-03-20 17:45:42,783 - TrainerLogger - INFO - ✅ Успех: Memory Growth включен для 1 GPU.
2026-03-20 17:45:42,784 - TrainerLogger - INFO - ⚡ Успех: Mixed Precision включен.
2026-03-20 17:45:42,784 - TrainerLogger - INFO - Scanning for unique classes in JSON files...
2026-03-20 17:45:43,928 - TrainerLogger - INFO - Classes found (12): ['Background', 'BS_CL_es', 'BS_CL_intermediate', 'Obstacle_CL_ground', 'Obstacle_CL_ground1', 'Obstacle_CL_rail', 'Obstacle_CL_road', 'Obstacle_CL_water', 'Other_CL_sky', 'Superstructure_CL_cons', 'Superstructure_CL_cons_under', 'Superstructure_CL_road']
2026-03-20 17:45:43,929 - TrainerLogger - INFO - Class mapping saved to /mnt/d/VSC_Progs/G_Intel_4/image_classification_project/artifacts/label_map.json
2026-03-20 17:45:45,640 - TrainerLogger - INFO - ==================================================
2026-03-20 17:45:45,640 - TrainerLogger - INFO - 📂 ДАННЫЕ ДЛЯ ОБУЧЕНИЯ (TRAIN): 688 файлов
2026-03-20 17:45:45,641 - TrainerLogger - INFO - 📂 ДАННЫЕ ДЛЯ ВАЛИДАЦИИ (VAL):  27 файлов
2026-03-20 17:45:45,641 - TrainerLogger - INFO - ==================================================
2026-03-20 17:45:46,414 - TrainerLogger - INFO - Building U-Net for 12 classes...
2026-03-20 17:45:46,914 - TrainerLogger - INFO - Starting U-Net training process...
2026-03-20 17:45:46,916 - TrainerLogger - INFO - 📈 LossDecompositionCallback успешно добавлен в очередь.
2026-03-20 17:49:46,281 - TrainerLogger - INFO - Training completed. Final model saved to /mnt/d/VSC_Progs/G_Intel_4/image_classification_project/models/final_model.keras
2026-03-20 17:49:46,282 - TrainerLogger - INFO - Generating training history plots...
2026-03-20 17:49:46,445 - TrainerLogger - INFO - Evaluation complete.
2026-03-20 17:49:46,445 - TrainerLogger - INFO - Segmentation training finished successfully.
2026-03-20 17:53:48,061 - TrainerLogger - INFO - ✅ Успех: Memory Growth включен для 1 GPU.
2026-03-20 17:53:48,062 - TrainerLogger - INFO - ⚡ Успех: Mixed Precision включен.
2026-03-20 17:53:48,062 - TrainerLogger - INFO - Scanning for unique classes in JSON files...
2026-03-20 17:53:49,132 - TrainerLogger - INFO - Classes found (12): ['Background', 'BS_CL_es', 'BS_CL_intermediate', 'Obstacle_CL_ground', 'Obstacle_CL_ground1', 'Obstacle_CL_rail', 'Obstacle_CL_road', 'Obstacle_CL_water', 'Other_CL_sky', 'Superstructure_CL_cons', 'Superstructure_CL_cons_under', 'Superstructure_CL_road']
2026-03-20 17:53:49,134 - TrainerLogger - INFO - Class mapping saved to /mnt/d/VSC_Progs/G_Intel_4/image_classification_project/artifacts/label_map.json
2026-03-20 17:53:50,975 - TrainerLogger - INFO - ==================================================
2026-03-20 17:53:50,975 - TrainerLogger - INFO - 📂 ДАННЫЕ ДЛЯ ОБУЧЕНИЯ (TRAIN): 688 файлов
2026-03-20 17:53:50,975 - TrainerLogger - INFO - 📂 ДАННЫЕ ДЛЯ ВАЛИДАЦИИ (VAL):  27 файлов
2026-03-20 17:53:50,975 - TrainerLogger - INFO - ==================================================
2026-03-20 17:53:51,765 - TrainerLogger - INFO - Building U-Net for 12 classes...
2026-03-20 17:53:52,269 - TrainerLogger - INFO - Starting U-Net training process...
2026-03-20 17:53:52,270 - TrainerLogger - INFO - 📈 LossDecompositionCallback успешно добавлен в очередь.
2026-03-20 17:53:52,547 - TrainerLogger - ERROR - Fatal error during training: name 'l_tv' is not defined
Traceback (most recent call last):
  File "/mnt/d/VSC_Progs/G_Intel_4/image_classification_project/train.py", line 46, in main
    history = trainer.train(train_ds, val_ds, train_count, val_count)
              ^^^^^^^^^^^^^^^^^^^^^^^^^^^^^^^^^^^^^^^^^^^^^^^^^^^^^^^
  File "/mnt/d/VSC_Progs/G_Intel_4/image_classification_project/src/training/trainer.py", line 64, in train
    history = self.model.fit(
              ^^^^^^^^^^^^^^^
  File "/home/adminwsl/unet-env/lib/python3.12/site-packages/keras/src/utils/traceback_utils.py", line 122, in error_handler
    raise e.with_traceback(filtered_tb) from None
  File "/mnt/d/VSC_Progs/G_Intel_4/image_classification_project/src/models/model_builder.py", line 55, in loss_fn
    return l_focal + l_dice + l_entropy + l_area + l_tv
                                                   ^^^^
NameError: name 'l_tv' is not defined
2026-03-20 17:55:58,796 - TrainerLogger - INFO - ✅ Успех: Memory Growth включен для 1 GPU.
2026-03-20 17:55:58,797 - TrainerLogger - INFO - ⚡ Успех: Mixed Precision включен.
2026-03-20 17:55:58,797 - TrainerLogger - INFO - Scanning for unique classes in JSON files...
2026-03-20 17:55:59,834 - TrainerLogger - INFO - Classes found (12): ['Background', 'BS_CL_es', 'BS_CL_intermediate', 'Obstacle_CL_ground', 'Obstacle_CL_ground1', 'Obstacle_CL_rail', 'Obstacle_CL_road', 'Obstacle_CL_water', 'Other_CL_sky', 'Superstructure_CL_cons', 'Superstructure_CL_cons_under', 'Superstructure_CL_road']
2026-03-20 17:55:59,835 - TrainerLogger - INFO - Class mapping saved to /mnt/d/VSC_Progs/G_Intel_4/image_classification_project/artifacts/label_map.json
2026-03-20 17:56:01,379 - TrainerLogger - INFO - ==================================================
2026-03-20 17:56:01,379 - TrainerLogger - INFO - 📂 ДАННЫЕ ДЛЯ ОБУЧЕНИЯ (TRAIN): 688 файлов
2026-03-20 17:56:01,379 - TrainerLogger - INFO - 📂 ДАННЫЕ ДЛЯ ВАЛИДАЦИИ (VAL):  27 файлов
2026-03-20 17:56:01,379 - TrainerLogger - INFO - ==================================================
2026-03-20 17:56:02,130 - TrainerLogger - INFO - Building U-Net for 12 classes...
2026-03-20 17:56:02,610 - TrainerLogger - INFO - Starting U-Net training process...
2026-03-20 17:56:02,611 - TrainerLogger - INFO - 📈 LossDecompositionCallback успешно добавлен в очередь.
2026-03-20 17:56:02,876 - TrainerLogger - ERROR - Fatal error during training: name 'l_tv' is not defined
Traceback (most recent call last):
  File "/mnt/d/VSC_Progs/G_Intel_4/image_classification_project/train.py", line 46, in main
    history = trainer.train(train_ds, val_ds, train_count, val_count)
              ^^^^^^^^^^^^^^^^^^^^^^^^^^^^^^^^^^^^^^^^^^^^^^^^^^^^^^^
  File "/mnt/d/VSC_Progs/G_Intel_4/image_classification_project/src/training/trainer.py", line 64, in train
    history = self.model.fit(
              ^^^^^^^^^^^^^^^
  File "/home/adminwsl/unet-env/lib/python3.12/site-packages/keras/src/utils/traceback_utils.py", line 122, in error_handler
    raise e.with_traceback(filtered_tb) from None
  File "/mnt/d/VSC_Progs/G_Intel_4/image_classification_project/src/models/model_builder.py", line 56, in loss_fn
    return l_focal + l_dice + l_entropy + l_area + l_tv
                                                   ^^^^
NameError: name 'l_tv' is not defined
2026-03-20 17:58:19,272 - TrainerLogger - INFO - ✅ Успех: Memory Growth включен для 1 GPU.
2026-03-20 17:58:19,272 - TrainerLogger - INFO - ⚡ Успех: Mixed Precision включен.
2026-03-20 17:58:19,272 - TrainerLogger - INFO - Scanning for unique classes in JSON files...
2026-03-20 17:58:20,354 - TrainerLogger - INFO - Classes found (12): ['Background', 'BS_CL_es', 'BS_CL_intermediate', 'Obstacle_CL_ground', 'Obstacle_CL_ground1', 'Obstacle_CL_rail', 'Obstacle_CL_road', 'Obstacle_CL_water', 'Other_CL_sky', 'Superstructure_CL_cons', 'Superstructure_CL_cons_under', 'Superstructure_CL_road']
2026-03-20 17:58:20,355 - TrainerLogger - INFO - Class mapping saved to /mnt/d/VSC_Progs/G_Intel_4/image_classification_project/artifacts/label_map.json
2026-03-20 17:58:21,982 - TrainerLogger - INFO - ==================================================
2026-03-20 17:58:21,982 - TrainerLogger - INFO - 📂 ДАННЫЕ ДЛЯ ОБУЧЕНИЯ (TRAIN): 688 файлов
2026-03-20 17:58:21,982 - TrainerLogger - INFO - 📂 ДАННЫЕ ДЛЯ ВАЛИДАЦИИ (VAL):  27 файлов
2026-03-20 17:58:21,982 - TrainerLogger - INFO - ==================================================
2026-03-20 17:58:22,762 - TrainerLogger - INFO - Building U-Net for 12 classes...
2026-03-20 17:58:23,258 - TrainerLogger - INFO - 🚨 Вес дороги (ID 11) снижен до 0.05
2026-03-20 17:58:23,265 - TrainerLogger - INFO - Starting U-Net training process...
2026-03-20 17:58:23,266 - TrainerLogger - INFO - 📈 LossDecompositionCallback успешно добавлен в очередь.
2026-03-20 18:02:14,300 - TrainerLogger - INFO - Training completed. Final model saved to /mnt/d/VSC_Progs/G_Intel_4/image_classification_project/models/final_model.keras
2026-03-20 18:02:14,301 - TrainerLogger - INFO - Generating training history plots...
2026-03-20 18:02:14,470 - TrainerLogger - INFO - Evaluation complete.
2026-03-20 18:02:14,471 - TrainerLogger - INFO - Segmentation training finished successfully.
2026-03-20 18:08:07,116 - TrainerLogger - INFO - ✅ Успех: Memory Growth включен для 1 GPU.
2026-03-20 18:08:07,116 - TrainerLogger - INFO - ⚡ Успех: Mixed Precision включен.
2026-03-20 18:08:07,117 - TrainerLogger - INFO - Scanning for unique classes in JSON files...
2026-03-20 18:08:07,795 - TrainerLogger - INFO - Classes found (12): ['Background', 'BS_CL_es', 'BS_CL_intermediate', 'Obstacle_CL_ground', 'Obstacle_CL_ground1', 'Obstacle_CL_rail', 'Obstacle_CL_road', 'Obstacle_CL_water', 'Other_CL_sky', 'Superstructure_CL_cons', 'Superstructure_CL_cons_under', 'Superstructure_CL_road']
2026-03-20 18:08:07,797 - TrainerLogger - INFO - Class mapping saved to /mnt/d/VSC_Progs/G_Intel_4/image_classification_project/artifacts/label_map.json
2026-03-20 18:08:08,613 - TrainerLogger - INFO - ==================================================
2026-03-20 18:08:08,613 - TrainerLogger - INFO - 📂 ДАННЫЕ ДЛЯ ОБУЧЕНИЯ (TRAIN): 344 файлов
2026-03-20 18:08:08,613 - TrainerLogger - INFO - 📂 ДАННЫЕ ДЛЯ ВАЛИДАЦИИ (VAL):  27 файлов
2026-03-20 18:08:08,613 - TrainerLogger - INFO - ==================================================
2026-03-20 18:08:09,373 - TrainerLogger - INFO - Building U-Net for 12 classes...
2026-03-20 18:08:09,851 - TrainerLogger - INFO - 🚨 Вес дороги (ID 11) снижен до 0.05
2026-03-20 18:08:09,859 - TrainerLogger - INFO - Starting U-Net training process...
2026-03-20 18:08:09,860 - TrainerLogger - INFO - 📈 LossDecompositionCallback успешно добавлен в очередь.
2026-03-20 18:11:38,870 - TrainerLogger - INFO - Training completed. Final model saved to /mnt/d/VSC_Progs/G_Intel_4/image_classification_project/models/final_model.keras
2026-03-20 18:11:38,871 - TrainerLogger - INFO - Generating training history plots...
2026-03-20 18:11:39,034 - TrainerLogger - INFO - Evaluation complete.
2026-03-20 18:11:39,034 - TrainerLogger - INFO - Segmentation training finished successfully.
2026-03-20 18:16:25,226 - TrainerLogger - INFO - ✅ Успех: Memory Growth включен для 1 GPU.
2026-03-20 18:16:25,227 - TrainerLogger - INFO - ⚡ Успех: Mixed Precision включен.
2026-03-20 18:16:25,227 - TrainerLogger - INFO - Scanning for unique classes in JSON files...
2026-03-20 18:16:25,938 - TrainerLogger - INFO - Classes found (12): ['Background', 'BS_CL_es', 'BS_CL_intermediate', 'Obstacle_CL_ground', 'Obstacle_CL_ground1', 'Obstacle_CL_rail', 'Obstacle_CL_road', 'Obstacle_CL_water', 'Other_CL_sky', 'Superstructure_CL_cons', 'Superstructure_CL_cons_under', 'Superstructure_CL_road']
2026-03-20 18:16:25,939 - TrainerLogger - INFO - Class mapping saved to /mnt/d/VSC_Progs/G_Intel_4/image_classification_project/artifacts/label_map.json
2026-03-20 18:16:26,784 - TrainerLogger - INFO - ==================================================
2026-03-20 18:16:26,784 - TrainerLogger - INFO - 📂 ДАННЫЕ ДЛЯ ОБУЧЕНИЯ (TRAIN): 344 файлов
2026-03-20 18:16:26,785 - TrainerLogger - INFO - 📂 ДАННЫЕ ДЛЯ ВАЛИДАЦИИ (VAL):  27 файлов
2026-03-20 18:16:26,785 - TrainerLogger - INFO - ==================================================
2026-03-20 18:16:27,548 - TrainerLogger - INFO - Building U-Net for 12 classes...
2026-03-20 18:16:28,023 - TrainerLogger - INFO - 🚨 Вес дороги (ID 11) снижен до 0.05
2026-03-20 18:16:28,031 - TrainerLogger - INFO - Starting U-Net training process...
2026-03-20 18:16:28,032 - TrainerLogger - INFO - 📈 LossDecompositionCallback успешно добавлен в очередь.
2026-03-20 18:20:06,791 - TrainerLogger - INFO - Training completed. Final model saved to /mnt/d/VSC_Progs/G_Intel_4/image_classification_project/models/final_model.keras
2026-03-20 18:20:06,793 - TrainerLogger - INFO - Generating training history plots...
2026-03-20 18:20:06,960 - TrainerLogger - INFO - Evaluation complete.
2026-03-20 18:20:06,960 - TrainerLogger - INFO - Segmentation training finished successfully.
2026-03-20 18:24:31,877 - TrainerLogger - INFO - ✅ Успех: Memory Growth включен для 1 GPU.
2026-03-20 18:24:31,878 - TrainerLogger - INFO - ⚡ Успех: Mixed Precision включен.
2026-03-20 18:24:31,878 - TrainerLogger - INFO - Scanning for unique classes in JSON files...
2026-03-20 18:24:32,559 - TrainerLogger - INFO - Classes found (12): ['Background', 'BS_CL_es', 'BS_CL_intermediate', 'Obstacle_CL_ground', 'Obstacle_CL_ground1', 'Obstacle_CL_rail', 'Obstacle_CL_road', 'Obstacle_CL_water', 'Other_CL_sky', 'Superstructure_CL_cons', 'Superstructure_CL_cons_under', 'Superstructure_CL_road']
2026-03-20 18:24:32,561 - TrainerLogger - INFO - Class mapping saved to /mnt/d/VSC_Progs/G_Intel_4/image_classification_project/artifacts/label_map.json
2026-03-20 18:24:33,352 - TrainerLogger - INFO - ==================================================
2026-03-20 18:24:33,352 - TrainerLogger - INFO - 📂 ДАННЫЕ ДЛЯ ОБУЧЕНИЯ (TRAIN): 344 файлов
2026-03-20 18:24:33,353 - TrainerLogger - INFO - 📂 ДАННЫЕ ДЛЯ ВАЛИДАЦИИ (VAL):  27 файлов
2026-03-20 18:24:33,353 - TrainerLogger - INFO - ==================================================
2026-03-20 18:24:34,123 - TrainerLogger - INFO - Building U-Net for 12 classes...
2026-03-20 18:24:34,599 - TrainerLogger - INFO - 🚨 ПРИДУШИЛИ класс 6: вес снижен до 0.001
2026-03-20 18:24:34,607 - TrainerLogger - INFO - Starting U-Net training process...
2026-03-20 18:24:34,608 - TrainerLogger - INFO - 📈 LossDecompositionCallback успешно добавлен в очередь.
2026-03-20 18:27:33,993 - TrainerLogger - INFO - Training completed. Final model saved to /mnt/d/VSC_Progs/G_Intel_4/image_classification_project/models/final_model.keras
2026-03-20 18:27:33,995 - TrainerLogger - INFO - Generating training history plots...
2026-03-20 18:27:34,171 - TrainerLogger - INFO - Evaluation complete.
2026-03-20 18:27:34,172 - TrainerLogger - INFO - Segmentation training finished successfully.
2026-03-20 18:31:16,036 - TrainerLogger - INFO - ✅ Успех: Memory Growth включен для 1 GPU.
2026-03-20 18:31:16,036 - TrainerLogger - INFO - ⚡ Успех: Mixed Precision включен.
2026-03-20 18:31:16,036 - TrainerLogger - INFO - Scanning for unique classes in JSON files...
2026-03-20 18:31:16,726 - TrainerLogger - INFO - Classes found (12): ['Background', 'BS_CL_es', 'BS_CL_intermediate', 'Obstacle_CL_ground', 'Obstacle_CL_ground1', 'Obstacle_CL_rail', 'Obstacle_CL_road', 'Obstacle_CL_water', 'Other_CL_sky', 'Superstructure_CL_cons', 'Superstructure_CL_cons_under', 'Superstructure_CL_road']
2026-03-20 18:31:16,727 - TrainerLogger - INFO - Class mapping saved to /mnt/d/VSC_Progs/G_Intel_4/image_classification_project/artifacts/label_map.json
2026-03-20 18:31:17,504 - TrainerLogger - INFO - ==================================================
2026-03-20 18:31:17,504 - TrainerLogger - INFO - 📂 ДАННЫЕ ДЛЯ ОБУЧЕНИЯ (TRAIN): 344 файлов
2026-03-20 18:31:17,504 - TrainerLogger - INFO - 📂 ДАННЫЕ ДЛЯ ВАЛИДАЦИИ (VAL):  27 файлов
2026-03-20 18:31:17,504 - TrainerLogger - INFO - ==================================================
2026-03-20 18:31:18,254 - TrainerLogger - INFO - Building U-Net for 12 classes...
2026-03-20 18:31:18,719 - TrainerLogger - INFO - ⛔ КЛАСС 6 ОБЕСЦЕНЕН (Вес 0.0001)
2026-03-20 18:31:18,727 - TrainerLogger - INFO - Starting U-Net training process...
2026-03-20 18:31:18,728 - TrainerLogger - INFO - 📈 LossDecompositionCallback успешно добавлен в очередь.
2026-03-20 18:34:07,598 - TrainerLogger - INFO - Training completed. Final model saved to /mnt/d/VSC_Progs/G_Intel_4/image_classification_project/models/final_model.keras
2026-03-20 18:34:07,600 - TrainerLogger - INFO - Generating training history plots...
2026-03-20 18:34:07,779 - TrainerLogger - INFO - Evaluation complete.
2026-03-20 18:34:07,780 - TrainerLogger - INFO - Segmentation training finished successfully.
2026-03-20 18:38:36,365 - TrainerLogger - INFO - ✅ Успех: Memory Growth включен для 1 GPU.
2026-03-20 18:38:36,365 - TrainerLogger - INFO - ⚡ Успех: Mixed Precision включен.
2026-03-20 18:38:36,365 - TrainerLogger - INFO - Scanning for unique classes in JSON files...
2026-03-20 18:38:37,390 - TrainerLogger - INFO - Classes found (12): ['Background', 'BS_CL_es', 'BS_CL_intermediate', 'Obstacle_CL_ground', 'Obstacle_CL_ground1', 'Obstacle_CL_rail', 'Obstacle_CL_road', 'Obstacle_CL_water', 'Other_CL_sky', 'Superstructure_CL_cons', 'Superstructure_CL_cons_under', 'Superstructure_CL_road']
2026-03-20 18:38:37,391 - TrainerLogger - INFO - Class mapping saved to /mnt/d/VSC_Progs/G_Intel_4/image_classification_project/artifacts/label_map.json
2026-03-20 18:38:39,098 - TrainerLogger - INFO - ==================================================
2026-03-20 18:38:39,098 - TrainerLogger - INFO - 📂 ДАННЫЕ ДЛЯ ОБУЧЕНИЯ (TRAIN): 688 файлов
2026-03-20 18:38:39,099 - TrainerLogger - INFO - 📂 ДАННЫЕ ДЛЯ ВАЛИДАЦИИ (VAL):  27 файлов
2026-03-20 18:38:39,099 - TrainerLogger - INFO - ==================================================
2026-03-20 18:38:39,853 - TrainerLogger - INFO - Building U-Net for 12 classes...
2026-03-20 18:38:40,324 - TrainerLogger - INFO - 🟢 КЛАСС 6 РЕАБИЛИТИРОВАН (Вес 0.2)
2026-03-20 18:38:40,332 - TrainerLogger - INFO - Starting U-Net training process...
2026-03-20 18:38:40,333 - TrainerLogger - INFO - 📈 LossDecompositionCallback успешно добавлен в очередь.
2026-03-20 18:48:08,774 - TrainerLogger - INFO - Training completed. Final model saved to /mnt/d/VSC_Progs/G_Intel_4/image_classification_project/models/final_model.keras
2026-03-20 18:48:08,776 - TrainerLogger - INFO - Generating training history plots...
2026-03-20 18:48:08,944 - TrainerLogger - INFO - Evaluation complete.
2026-03-20 18:48:08,944 - TrainerLogger - INFO - Segmentation training finished successfully.
2026-03-20 18:49:03,496 - TrainerLogger - INFO - ✅ Успех: Memory Growth включен для 1 GPU.
2026-03-20 18:49:03,497 - TrainerLogger - INFO - ⚡ Успех: Mixed Precision включен.
2026-03-20 18:49:03,497 - TrainerLogger - INFO - Scanning for unique classes in JSON files...
2026-03-20 18:49:04,527 - TrainerLogger - INFO - Classes found (12): ['Background', 'BS_CL_es', 'BS_CL_intermediate', 'Obstacle_CL_ground', 'Obstacle_CL_ground1', 'Obstacle_CL_rail', 'Obstacle_CL_road', 'Obstacle_CL_water', 'Other_CL_sky', 'Superstructure_CL_cons', 'Superstructure_CL_cons_under', 'Superstructure_CL_road']
2026-03-20 18:49:04,528 - TrainerLogger - INFO - Class mapping saved to /mnt/d/VSC_Progs/G_Intel_4/image_classification_project/artifacts/label_map.json
2026-03-20 18:49:06,089 - TrainerLogger - INFO - ==================================================
2026-03-20 18:49:06,089 - TrainerLogger - INFO - 📂 ДАННЫЕ ДЛЯ ОБУЧЕНИЯ (TRAIN): 688 файлов
2026-03-20 18:49:06,090 - TrainerLogger - INFO - 📂 ДАННЫЕ ДЛЯ ВАЛИДАЦИИ (VAL):  27 файлов
2026-03-20 18:49:06,090 - TrainerLogger - INFO - ==================================================
2026-03-20 18:49:06,859 - TrainerLogger - INFO - Building U-Net for 12 classes...
2026-03-20 18:49:07,335 - TrainerLogger - INFO - 🟢 КЛАСС 6 РЕАБИЛИТИРОВАН (Вес 0.2)
2026-03-20 18:49:07,343 - TrainerLogger - INFO - Starting U-Net training process...
2026-03-20 18:49:07,345 - TrainerLogger - INFO - 📈 LossDecompositionCallback успешно добавлен в очередь.
2026-03-20 19:21:25,411 - TrainerLogger - INFO - Training completed. Final model saved to /mnt/d/VSC_Progs/G_Intel_4/image_classification_project/models/final_model.keras
2026-03-20 19:21:25,413 - TrainerLogger - INFO - Generating training history plots...
2026-03-20 19:21:25,577 - TrainerLogger - INFO - Evaluation complete.
2026-03-20 19:21:25,577 - TrainerLogger - INFO - Segmentation training finished successfully.
2026-03-21 14:36:46,054 - TrainerLogger - INFO - 📄 Используется количество эпох из конфига -> 30
2026-03-21 14:36:46,169 - TrainerLogger - INFO - ✅ Успех: Memory Growth включен для 1 GPU.
2026-03-21 14:36:46,169 - TrainerLogger - INFO - ⚡ Успех: Mixed Precision включен.
2026-03-21 14:36:46,170 - TrainerLogger - INFO - Scanning for unique classes in JSON files...
2026-03-21 14:36:49,355 - TrainerLogger - INFO - Classes found (12): ['Background', 'BS_CL_es', 'BS_CL_intermediate', 'Obstacle_CL_ground', 'Obstacle_CL_ground1', 'Obstacle_CL_rail', 'Obstacle_CL_road', 'Obstacle_CL_water', 'Other_CL_sky', 'Superstructure_CL_cons', 'Superstructure_CL_cons_under', 'Superstructure_CL_road']
2026-03-21 14:36:49,356 - TrainerLogger - INFO - Class mapping saved to /mnt/d/VSC_Progs/G_Intel_4/image_classification_project/artifacts/label_map.json
2026-03-21 14:36:55,167 - TrainerLogger - INFO - ==================================================
2026-03-21 14:36:55,167 - TrainerLogger - INFO - 📂 ДАННЫЕ ДЛЯ ОБУЧЕНИЯ (TRAIN): 2752 файлов
2026-03-21 14:36:55,167 - TrainerLogger - INFO - 📂 ДАННЫЕ ДЛЯ ВАЛИДАЦИИ (VAL):  27 файлов
2026-03-21 14:36:55,167 - TrainerLogger - INFO - ==================================================
2026-03-21 14:36:58,120 - TrainerLogger - INFO - Building U-Net for 12 classes...
2026-03-21 14:36:58,595 - TrainerLogger - INFO - 🟢 Класс 6 реабилитирован (Вес 0.5)
2026-03-21 14:36:58,604 - TrainerLogger - INFO - Starting U-Net training process...
2026-03-21 14:36:58,605 - TrainerLogger - INFO - 📈 LossDecompositionCallback успешно добавлен в очередь.
2026-03-21 15:11:36,370 - TrainerLogger - INFO - Training completed. Final model saved to /mnt/d/VSC_Progs/G_Intel_4/image_classification_project/models/final_model.keras
2026-03-21 15:11:36,371 - TrainerLogger - INFO - Generating training history plots...
2026-03-21 15:11:36,583 - TrainerLogger - INFO - Evaluation complete.
2026-03-21 15:11:36,583 - TrainerLogger - INFO - Segmentation training finished successfully.
2026-03-21 15:56:25,077 - TrainerLogger - INFO - 🔄 ВНИМАНИЕ: Количество эпох переопределено из консоли -> 30
2026-03-21 15:56:25,195 - TrainerLogger - INFO - ✅ Успех: Memory Growth включен для 1 GPU.
2026-03-21 15:56:25,195 - TrainerLogger - INFO - ⚡ Успех: Mixed Precision включен.
2026-03-21 15:56:25,195 - TrainerLogger - INFO - Scanning for unique classes in JSON files...
2026-03-21 15:56:28,336 - TrainerLogger - INFO - Classes found (12): ['Background', 'BS_CL_es', 'BS_CL_intermediate', 'Obstacle_CL_ground', 'Obstacle_CL_ground1', 'Obstacle_CL_rail', 'Obstacle_CL_road', 'Obstacle_CL_water', 'Other_CL_sky', 'Superstructure_CL_cons', 'Superstructure_CL_cons_under', 'Superstructure_CL_road']
2026-03-21 15:56:28,337 - TrainerLogger - INFO - Class mapping saved to /mnt/d/VSC_Progs/G_Intel_4/image_classification_project/artifacts/label_map.json
2026-03-21 15:56:33,962 - TrainerLogger - INFO - ==================================================
2026-03-21 15:56:33,962 - TrainerLogger - INFO - 📂 ДАННЫЕ ДЛЯ ОБУЧЕНИЯ (TRAIN): 2752 файлов
2026-03-21 15:56:33,962 - TrainerLogger - INFO - 📂 ДАННЫЕ ДЛЯ ВАЛИДАЦИИ (VAL):  27 файлов
2026-03-21 15:56:33,962 - TrainerLogger - INFO - ==================================================
2026-03-21 15:56:34,710 - TrainerLogger - INFO - Building U-Net for 12 classes...
2026-03-21 15:56:35,148 - TrainerLogger - ERROR - Fatal error during training: spatial_aware_loss() got an unexpected keyword argument 'focal_weight'
Traceback (most recent call last):
  File "/mnt/d/VSC_Progs/G_Intel_4/image_classification_project/train.py", line 61, in main
    model = builder.build()
            ^^^^^^^^^^^^^^^
  File "/mnt/d/VSC_Progs/G_Intel_4/image_classification_project/src/models/model_builder.py", line 155, in build
    loss=spatial_aware_loss(
         ^^^^^^^^^^^^^^^^^^^
TypeError: spatial_aware_loss() got an unexpected keyword argument 'focal_weight'
2026-03-21 15:57:42,033 - TrainerLogger - INFO - 🔄 ВНИМАНИЕ: Количество эпох переопределено из консоли -> 30
2026-03-21 15:57:42,144 - TrainerLogger - INFO - ✅ Успех: Memory Growth включен для 1 GPU.
2026-03-21 15:57:42,144 - TrainerLogger - INFO - ⚡ Успех: Mixed Precision включен.
2026-03-21 15:57:42,144 - TrainerLogger - INFO - Scanning for unique classes in JSON files...
2026-03-21 15:57:45,045 - TrainerLogger - INFO - Classes found (12): ['Background', 'BS_CL_es', 'BS_CL_intermediate', 'Obstacle_CL_ground', 'Obstacle_CL_ground1', 'Obstacle_CL_rail', 'Obstacle_CL_road', 'Obstacle_CL_water', 'Other_CL_sky', 'Superstructure_CL_cons', 'Superstructure_CL_cons_under', 'Superstructure_CL_road']
2026-03-21 15:57:45,046 - TrainerLogger - INFO - Class mapping saved to /mnt/d/VSC_Progs/G_Intel_4/image_classification_project/artifacts/label_map.json
2026-03-21 15:57:50,750 - TrainerLogger - INFO - ==================================================
2026-03-21 15:57:50,751 - TrainerLogger - INFO - 📂 ДАННЫЕ ДЛЯ ОБУЧЕНИЯ (TRAIN): 2752 файлов
2026-03-21 15:57:50,751 - TrainerLogger - INFO - 📂 ДАННЫЕ ДЛЯ ВАЛИДАЦИИ (VAL):  27 файлов
2026-03-21 15:57:50,751 - TrainerLogger - INFO - ==================================================
2026-03-21 15:57:51,501 - TrainerLogger - INFO - Building U-Net for 12 classes...
2026-03-21 15:57:51,939 - TrainerLogger - INFO - 🟢 Класс 6 реабилитирован (Вес 0.5)
2026-03-21 15:57:51,957 - TrainerLogger - INFO - Starting U-Net training process...
2026-03-21 15:57:51,958 - TrainerLogger - INFO - 📈 LossDecompositionCallback успешно добавлен в очередь.
2026-03-21 16:32:27,595 - TrainerLogger - INFO - Training completed. Final model saved to /mnt/d/VSC_Progs/G_Intel_4/image_classification_project/models/final_model.keras
2026-03-21 16:32:27,597 - TrainerLogger - INFO - Generating training history plots...
2026-03-21 16:32:27,795 - TrainerLogger - INFO - Evaluation complete.
2026-03-21 16:32:27,795 - TrainerLogger - INFO - Segmentation training finished successfully.
2026-03-21 16:37:08,988 - TrainerLogger - INFO - 🔄 ВНИМАНИЕ: Количество эпох переопределено из консоли -> 30
2026-03-21 16:37:09,084 - TrainerLogger - INFO - ✅ Успех: Memory Growth включен для 1 GPU.
2026-03-21 16:37:09,084 - TrainerLogger - INFO - ⚡ Успех: Mixed Precision включен.
2026-03-21 16:37:09,085 - TrainerLogger - INFO - Scanning for unique classes in JSON files...
2026-03-21 16:37:11,926 - TrainerLogger - INFO - Classes found (12): ['Background', 'BS_CL_es', 'BS_CL_intermediate', 'Obstacle_CL_ground', 'Obstacle_CL_ground1', 'Obstacle_CL_rail', 'Obstacle_CL_road', 'Obstacle_CL_water', 'Other_CL_sky', 'Superstructure_CL_cons', 'Superstructure_CL_cons_under', 'Superstructure_CL_road']
2026-03-21 16:37:11,928 - TrainerLogger - INFO - Class mapping saved to /mnt/d/VSC_Progs/G_Intel_4/image_classification_project/artifacts/label_map.json
2026-03-21 16:37:17,525 - TrainerLogger - INFO - ==================================================
2026-03-21 16:37:17,525 - TrainerLogger - INFO - 📂 ДАННЫЕ ДЛЯ ОБУЧЕНИЯ (TRAIN): 2752 файлов
2026-03-21 16:37:17,525 - TrainerLogger - INFO - 📂 ДАННЫЕ ДЛЯ ВАЛИДАЦИИ (VAL):  27 файлов
2026-03-21 16:37:17,525 - TrainerLogger - INFO - ==================================================
2026-03-21 16:37:18,238 - TrainerLogger - INFO - Building U-Net for 12 classes...
2026-03-21 16:37:18,700 - TrainerLogger - INFO - 🟢 Класс 6 реабилитирован (Вес 0.5)
2026-03-21 16:37:18,707 - TrainerLogger - INFO - Starting U-Net training process...
2026-03-21 16:37:18,708 - TrainerLogger - INFO - 📈 LossDecompositionCallback успешно добавлен в очередь.
2026-03-21 17:14:00,803 - TrainerLogger - INFO - Training completed. Final model saved to /mnt/d/VSC_Progs/G_Intel_4/image_classification_project/models/final_model.keras
2026-03-21 17:14:00,805 - TrainerLogger - INFO - Generating training history plots...
2026-03-21 17:14:00,959 - TrainerLogger - INFO - Evaluation complete.
2026-03-21 17:14:00,960 - TrainerLogger - INFO - Segmentation training finished successfully.
2026-03-21 17:23:57,636 - TrainerLogger - INFO - 🔄 ВНИМАНИЕ: Количество эпох переопределено из консоли -> 80
2026-03-21 17:23:57,751 - TrainerLogger - INFO - ✅ Успех: Memory Growth включен для 1 GPU.
2026-03-21 17:23:57,752 - TrainerLogger - INFO - ⚡ Успех: Mixed Precision включен.
2026-03-21 17:23:57,752 - TrainerLogger - INFO - Scanning for unique classes in JSON files...
2026-03-21 17:24:00,765 - TrainerLogger - INFO - Classes found (12): ['Background', 'BS_CL_es', 'BS_CL_intermediate', 'Obstacle_CL_ground', 'Obstacle_CL_ground1', 'Obstacle_CL_rail', 'Obstacle_CL_road', 'Obstacle_CL_water', 'Other_CL_sky', 'Superstructure_CL_cons', 'Superstructure_CL_cons_under', 'Superstructure_CL_road']
2026-03-21 17:24:00,766 - TrainerLogger - INFO - Class mapping saved to /mnt/d/VSC_Progs/G_Intel_4/image_classification_project/artifacts/label_map.json
2026-03-21 17:24:09,233 - TrainerLogger - INFO - ==================================================
2026-03-21 17:24:09,234 - TrainerLogger - INFO - 📂 ДАННЫЕ ДЛЯ ОБУЧЕНИЯ (TRAIN): 2752 файлов
2026-03-21 17:24:09,234 - TrainerLogger - INFO - 📂 ДАННЫЕ ДЛЯ ВАЛИДАЦИИ (VAL):  27 файлов
2026-03-21 17:24:09,234 - TrainerLogger - INFO - ==================================================
2026-03-21 17:24:09,998 - TrainerLogger - INFO - Building U-Net for 12 classes...
2026-03-21 17:24:10,469 - TrainerLogger - INFO - 🟢 Класс 6 реабилитирован (Вес 0.5)
2026-03-21 17:24:10,485 - TrainerLogger - INFO - Starting U-Net training process...
2026-03-21 17:24:10,486 - TrainerLogger - INFO - 📈 LossDecompositionCallback успешно добавлен в очередь.
2026-03-21 18:19:13,515 - TrainerLogger - INFO - Training completed. Final model saved to /mnt/d/VSC_Progs/G_Intel_4/image_classification_project/models/final_model.keras
2026-03-21 18:19:13,517 - TrainerLogger - INFO - Generating training history plots...
2026-03-21 18:19:13,721 - TrainerLogger - INFO - Evaluation complete.
2026-03-21 18:19:13,721 - TrainerLogger - INFO - Segmentation training finished successfully.
2026-03-21 18:29:37,338 - TrainerLogger - INFO - 🔄 ВНИМАНИЕ: Количество эпох переопределено из консоли -> 30
2026-03-21 18:29:37,456 - TrainerLogger - INFO - ✅ Успех: Memory Growth включен для 1 GPU.
2026-03-21 18:29:37,456 - TrainerLogger - INFO - ⚡ Успех: Mixed Precision включен.
2026-03-21 18:29:37,457 - TrainerLogger - INFO - Scanning for unique classes in JSON files...
2026-03-21 18:29:43,247 - TrainerLogger - INFO - Classes found (12): ['Background', 'BS_CL_es', 'BS_CL_intermediate', 'Obstacle_CL_ground', 'Obstacle_CL_ground1', 'Obstacle_CL_rail', 'Obstacle_CL_road', 'Obstacle_CL_water', 'Other_CL_sky', 'Superstructure_CL_cons', 'Superstructure_CL_cons_under', 'Superstructure_CL_road']
2026-03-21 18:29:43,248 - TrainerLogger - INFO - Class mapping saved to /mnt/d/VSC_Progs/G_Intel_4/image_classification_project/artifacts/label_map.json
2026-03-21 18:29:48,976 - TrainerLogger - INFO - ==================================================
2026-03-21 18:29:48,976 - TrainerLogger - INFO - 📂 ДАННЫЕ ДЛЯ ОБУЧЕНИЯ (TRAIN): 2752 файлов
2026-03-21 18:29:48,976 - TrainerLogger - INFO - 📂 ДАННЫЕ ДЛЯ ВАЛИДАЦИИ (VAL):  27 файлов
2026-03-21 18:29:48,977 - TrainerLogger - INFO - ==================================================
2026-03-21 18:29:49,732 - TrainerLogger - INFO - Building U-Net for 12 classes...
2026-03-21 18:29:50,203 - TrainerLogger - INFO - 🔥 ВНИМАНИЕ: Класс 1 получил критический вес 4.0
2026-03-21 18:29:50,203 - TrainerLogger - INFO - 🔥 ВНИМАНИЕ: Класс 2 получил критический вес 4.0
2026-03-21 18:29:50,203 - TrainerLogger - INFO - 🔥 ВНИМАНИЕ: Класс 9 получил критический вес 4.0
2026-03-21 18:29:50,203 - TrainerLogger - INFO - 🔥 ВНИМАНИЕ: Класс 10 получил критический вес 4.0
2026-03-21 18:29:50,213 - TrainerLogger - INFO - Starting U-Net training process...
2026-03-21 18:29:50,214 - TrainerLogger - INFO - 📈 LossDecompositionCallback успешно добавлен в очередь.
2026-03-21 19:04:34,879 - TrainerLogger - INFO - Training completed. Final model saved to /mnt/d/VSC_Progs/G_Intel_4/image_classification_project/models/final_model.keras
2026-03-21 19:04:34,881 - TrainerLogger - INFO - Generating training history plots...
2026-03-21 19:04:35,079 - TrainerLogger - INFO - Evaluation complete.
2026-03-21 19:04:35,079 - TrainerLogger - INFO - Segmentation training finished successfully.
2026-03-22 09:03:19,665 - TrainerLogger - INFO - 🔄 ВНИМАНИЕ: Количество эпох переопределено из консоли -> 40
2026-03-22 09:03:19,788 - TrainerLogger - INFO - ✅ Успех: Memory Growth включен для 1 GPU.
2026-03-22 09:03:19,788 - TrainerLogger - INFO - ⚡ Успех: Mixed Precision включен.
2026-03-22 09:03:19,788 - TrainerLogger - INFO - Scanning for unique classes in JSON files...
2026-03-22 09:03:22,957 - TrainerLogger - INFO - Classes found (12): ['Background', 'BS_CL_es', 'BS_CL_intermediate', 'Obstacle_CL_ground', 'Obstacle_CL_ground1', 'Obstacle_CL_rail', 'Obstacle_CL_road', 'Obstacle_CL_water', 'Other_CL_sky', 'Superstructure_CL_cons', 'Superstructure_CL_cons_under', 'Superstructure_CL_road']
2026-03-22 09:03:22,958 - TrainerLogger - INFO - Class mapping saved to /mnt/d/VSC_Progs/G_Intel_4/image_classification_project/artifacts/label_map.json
2026-03-22 09:03:28,917 - TrainerLogger - INFO - ==================================================
2026-03-22 09:03:28,917 - TrainerLogger - INFO - 📂 ДАННЫЕ ДЛЯ ОБУЧЕНИЯ (TRAIN): 2752 файлов
2026-03-22 09:03:28,917 - TrainerLogger - INFO - 📂 ДАННЫЕ ДЛЯ ВАЛИДАЦИИ (VAL):  27 файлов
2026-03-22 09:03:28,918 - TrainerLogger - INFO - ==================================================
2026-03-22 09:03:29,769 - TrainerLogger - INFO - Building U-Net for 12 classes...
2026-03-22 09:03:30,285 - TrainerLogger - INFO - 🔥 ВНИМАНИЕ: Класс 1 получил критический вес 4.0
2026-03-22 09:03:30,285 - TrainerLogger - INFO - 🔥 ВНИМАНИЕ: Класс 2 получил критический вес 4.0
2026-03-22 09:03:30,285 - TrainerLogger - INFO - 🔥 ВНИМАНИЕ: Класс 9 получил критический вес 4.0
2026-03-22 09:03:30,285 - TrainerLogger - INFO - 🔥 ВНИМАНИЕ: Класс 10 получил критический вес 4.0
2026-03-22 09:03:30,310 - TrainerLogger - INFO - 🔄 НАЙДЕНА СТАРАЯ МОДЕЛЬ! Загружаем веса из /mnt/d/VSC_Progs/G_Intel_4/image_classification_project/models/final_model.keras...
2026-03-22 09:03:36,080 - TrainerLogger - INFO - ✅ Веса успешно загружены. Продолжаем обучение (Fine-tuning)!
2026-03-22 09:03:36,081 - TrainerLogger - INFO - Starting U-Net training process...
2026-03-22 09:03:36,081 - TrainerLogger - INFO - 📈 LossDecompositionCallback успешно добавлен в очередь.
2026-03-22 09:34:11,802 - TrainerLogger - INFO - Training completed. Final model saved to /mnt/d/VSC_Progs/G_Intel_4/image_classification_project/models/final_model.keras
2026-03-22 09:34:11,805 - TrainerLogger - INFO - Generating training history plots...
2026-03-22 09:34:12,026 - TrainerLogger - INFO - Evaluation complete.
2026-03-22 09:34:12,026 - TrainerLogger - INFO - Segmentation training finished successfully.
2026-03-23 09:20:01,206 - TrainerLogger - INFO - 🔄 ВНИМАНИЕ: Количество эпох переопределено из консоли -> 20
2026-03-23 09:20:01,525 - TrainerLogger - INFO - ✅ Успех: Memory Growth включен для 1 GPU.
2026-03-23 09:20:01,526 - TrainerLogger - INFO - ⚡ Успех: Mixed Precision включен.
2026-03-23 09:20:01,526 - TrainerLogger - INFO - Scanning for unique classes in JSON files...
2026-03-23 09:20:04,874 - TrainerLogger - INFO - Classes found (12): ['Background', 'BS_CL_es', 'BS_CL_intermediate', 'Obstacle_CL_ground', 'Obstacle_CL_ground1', 'Obstacle_CL_rail', 'Obstacle_CL_road', 'Obstacle_CL_water', 'Other_CL_sky', 'Superstructure_CL_cons', 'Superstructure_CL_cons_under', 'Superstructure_CL_road']
2026-03-23 09:20:04,876 - TrainerLogger - INFO - Class mapping saved to /mnt/d/VSC_Progs/G_Intel_4/image_classification_project/artifacts/label_map.json
2026-03-23 09:20:13,121 - TrainerLogger - INFO - ==================================================
2026-03-23 09:20:13,121 - TrainerLogger - INFO - 📂 ДАННЫЕ ДЛЯ ОБУЧЕНИЯ (TRAIN): 2752 файлов
2026-03-23 09:20:13,121 - TrainerLogger - INFO - 📂 ДАННЫЕ ДЛЯ ВАЛИДАЦИИ (VAL):  27 файлов
2026-03-23 09:20:13,121 - TrainerLogger - INFO - ==================================================
2026-03-23 09:20:14,019 - TrainerLogger - INFO - Building U-Net for 12 classes...
2026-03-23 09:20:14,493 - TrainerLogger - INFO - 🔥 ВНИМАНИЕ: Класс 1 получил критический вес 4.0
2026-03-23 09:20:14,493 - TrainerLogger - INFO - 🔥 ВНИМАНИЕ: Класс 2 получил критический вес 4.0
2026-03-23 09:20:14,493 - TrainerLogger - INFO - 🔥 ВНИМАНИЕ: Класс 9 получил критический вес 4.0
2026-03-23 09:20:14,494 - TrainerLogger - INFO - 🔥 ВНИМАНИЕ: Класс 10 получил критический вес 4.0
2026-03-23 09:20:14,504 - TrainerLogger - INFO - 🔄 НАЙДЕНА СТАРАЯ МОДЕЛЬ! Загружаем веса из /mnt/d/VSC_Progs/G_Intel_4/image_classification_project/models/final_model.keras...
2026-03-23 09:20:18,841 - TrainerLogger - INFO - ✅ Веса успешно загружены. Продолжаем обучение (Fine-tuning)!
2026-03-23 09:20:18,842 - TrainerLogger - INFO - Starting U-Net training process...
2026-03-23 09:20:18,843 - TrainerLogger - INFO - 📈 LossDecompositionCallback успешно добавлен в очередь.
2026-03-23 09:44:17,776 - TrainerLogger - INFO - Training completed. Final model saved to /mnt/d/VSC_Progs/G_Intel_4/image_classification_project/models/final_model.keras
2026-03-23 09:44:17,778 - TrainerLogger - INFO - Generating training history plots...
2026-03-23 09:44:17,994 - TrainerLogger - INFO - Evaluation complete.
2026-03-23 09:44:17,994 - TrainerLogger - INFO - Segmentation training finished successfully.
2026-03-27 10:26:14,238 - TrainerLogger - INFO - 🔄 ВНИМАНИЕ: Количество эпох переопределено из консоли -> 15
2026-03-27 10:26:14,570 - TrainerLogger - INFO - ✅ Успех: Memory Growth включен для 1 GPU.
2026-03-27 10:26:14,570 - TrainerLogger - INFO - ⚡ Успех: Mixed Precision включен.
2026-03-27 10:26:14,571 - TrainerLogger - INFO - Scanning for unique classes in JSON files...
2026-03-27 10:26:22,845 - TrainerLogger - INFO - Classes found (12): ['Background', 'BS_CL_es', 'BS_CL_intermediate', 'Obstacle_CL_ground', 'Obstacle_CL_ground1', 'Obstacle_CL_rail', 'Obstacle_CL_road', 'Obstacle_CL_water', 'Other_CL_sky', 'Superstructure_CL_cons', 'Superstructure_CL_cons_under', 'Superstructure_CL_road']
2026-03-27 10:26:22,848 - TrainerLogger - INFO - Class mapping saved to /mnt/d/VSC_Progs/G_Intel_4/image_classification_project/artifacts/label_map.json
2026-03-27 10:26:28,183 - TrainerLogger - INFO - ==================================================
2026-03-27 10:26:28,183 - TrainerLogger - INFO - 📂 ДАННЫЕ ДЛЯ ОБУЧЕНИЯ (TRAIN): 2752 файлов
2026-03-27 10:26:28,183 - TrainerLogger - INFO - 📂 ДАННЫЕ ДЛЯ ВАЛИДАЦИИ (VAL):  27 файлов
2026-03-27 10:26:28,184 - TrainerLogger - INFO - ==================================================
2026-03-27 10:26:29,040 - TrainerLogger - INFO - 🚀 Building U-Net with pre-trained MobileNetV2 (ImageNet) backbone...
2026-03-27 10:26:32,024 - TrainerLogger - INFO - ❄️ Энкодер заморожен (режим Warm-up).
2026-03-27 10:26:32,122 - TrainerLogger - INFO - 🌟 Старая модель не найдена. Начинаем обучение с полного нуля.
2026-03-27 10:26:32,123 - TrainerLogger - INFO - Starting U-Net training process...
2026-03-27 10:26:32,124 - TrainerLogger - INFO - 📈 LossDecompositionCallback успешно добавлен в очередь.
2026-03-27 10:43:54,730 - TrainerLogger - INFO - Training completed. Final model saved to /mnt/d/VSC_Progs/G_Intel_4/image_classification_project/models/final_model.keras
2026-03-27 10:43:54,732 - TrainerLogger - INFO - Generating training history plots...
2026-03-27 10:43:54,937 - TrainerLogger - INFO - Evaluation complete.
2026-03-27 10:43:54,937 - TrainerLogger - INFO - Segmentation training finished successfully.
2026-03-27 11:04:22,431 - TrainerLogger - INFO - 🔄 ВНИМАНИЕ: Количество эпох переопределено из консоли -> 30
2026-03-27 11:04:22,740 - TrainerLogger - INFO - ✅ Успех: Memory Growth включен для 1 GPU.
2026-03-27 11:04:22,741 - TrainerLogger - INFO - ⚡ Успех: Mixed Precision включен.
2026-03-27 11:04:22,741 - TrainerLogger - INFO - Scanning for unique classes in JSON files...
2026-03-27 11:04:25,638 - TrainerLogger - INFO - Classes found (12): ['Background', 'BS_CL_es', 'BS_CL_intermediate', 'Obstacle_CL_ground', 'Obstacle_CL_ground1', 'Obstacle_CL_rail', 'Obstacle_CL_road', 'Obstacle_CL_water', 'Other_CL_sky', 'Superstructure_CL_cons', 'Superstructure_CL_cons_under', 'Superstructure_CL_road']
2026-03-27 11:04:25,639 - TrainerLogger - INFO - Class mapping saved to /mnt/d/VSC_Progs/G_Intel_4/image_classification_project/artifacts/label_map.json
2026-03-27 11:04:34,899 - TrainerLogger - INFO - ==================================================
2026-03-27 11:04:34,899 - TrainerLogger - INFO - 📂 ДАННЫЕ ДЛЯ ОБУЧЕНИЯ (TRAIN): 2752 файлов
2026-03-27 11:04:34,900 - TrainerLogger - INFO - 📂 ДАННЫЕ ДЛЯ ВАЛИДАЦИИ (VAL):  27 файлов
2026-03-27 11:04:34,900 - TrainerLogger - INFO - ==================================================
2026-03-27 11:04:35,886 - TrainerLogger - INFO - 🚀 Building U-Net with pre-trained MobileNetV2 (ImageNet) backbone...
2026-03-27 11:04:36,815 - TrainerLogger - INFO - ❄️ Энкодер заморожен (режим Warm-up).
2026-03-27 11:04:36,910 - TrainerLogger - INFO - 🔄 НАЙДЕНА СТАРАЯ МОДЕЛЬ! Загружаем веса из /mnt/d/VSC_Progs/G_Intel_4/image_classification_project/models/final_model.keras...
2026-03-27 11:04:40,476 - TrainerLogger - INFO - ✅ Веса успешно загружены. Продолжаем обучение (Fine-tuning)!
2026-03-27 11:04:40,476 - TrainerLogger - INFO - Starting U-Net training process...
2026-03-27 11:04:40,477 - TrainerLogger - INFO - 📈 LossDecompositionCallback успешно добавлен в очередь.
2026-03-27 11:39:35,932 - TrainerLogger - INFO - Training completed. Final model saved to /mnt/d/VSC_Progs/G_Intel_4/image_classification_project/models/final_model.keras
2026-03-27 11:39:35,934 - TrainerLogger - INFO - Generating training history plots...
2026-03-27 11:39:36,389 - TrainerLogger - INFO - Evaluation complete.
2026-03-27 11:39:36,389 - TrainerLogger - INFO - Segmentation training finished successfully.
2026-03-27 14:17:20,707 - TrainerLogger - INFO - 🔄 Количество эпох переопределено -> 100
2026-03-27 14:17:20,707 - TrainerLogger - INFO - 🚀 РЕЖИМ ОБУЧЕНИЯ: 🔥 FINE-TUNING (Энкодер разморожен)
2026-03-27 14:17:20,994 - TrainerLogger - INFO - ✅ Успех: Memory Growth включен для 1 GPU.
2026-03-27 14:17:20,995 - TrainerLogger - INFO - ⚡ Успех: Mixed Precision включен.
2026-03-27 14:17:20,995 - TrainerLogger - INFO - Scanning for unique classes in JSON files...
2026-03-27 14:17:27,754 - TrainerLogger - INFO - Classes found (12): ['Background', 'BS_CL_es', 'BS_CL_intermediate', 'Obstacle_CL_ground', 'Obstacle_CL_ground1', 'Obstacle_CL_rail', 'Obstacle_CL_road', 'Obstacle_CL_water', 'Other_CL_sky', 'Superstructure_CL_cons', 'Superstructure_CL_cons_under', 'Superstructure_CL_road']
2026-03-27 14:17:27,755 - TrainerLogger - INFO - Class mapping saved to /mnt/d/VSC_Progs/G_Intel_4/image_classification_project/artifacts/label_map.json
2026-03-27 14:17:33,427 - TrainerLogger - INFO - ==================================================
2026-03-27 14:17:33,427 - TrainerLogger - INFO - 📂 ДАННЫЕ ДЛЯ ОБУЧЕНИЯ (TRAIN): 2752 файлов
2026-03-27 14:17:33,427 - TrainerLogger - INFO - 📂 ДАННЫЕ ДЛЯ ВАЛИДАЦИИ (VAL):  27 файлов
2026-03-27 14:17:33,428 - TrainerLogger - INFO - ==================================================
2026-03-27 14:17:34,286 - TrainerLogger - INFO - 🚀 Building U-Net with MobileNetV2. Encoder Trainable: True
2026-03-27 14:17:35,160 - TrainerLogger - INFO - 🐢 Используется низкий LR (1e-5) для Fine-Tuning
2026-03-27 14:17:35,169 - TrainerLogger - INFO - 🔄 НАЙДЕНА МОДЕЛЬ! Загружаем веса из /mnt/d/VSC_Progs/G_Intel_4/image_classification_project/models/final_model.keras...
2026-03-27 14:17:41,665 - TrainerLogger - INFO - ✅ Веса успешно загружены. Продолжаем обучение!
2026-03-27 14:17:41,665 - TrainerLogger - INFO - Starting U-Net training process...
2026-03-27 14:17:41,666 - TrainerLogger - INFO - 📈 LossDecompositionCallback успешно добавлен в очередь.
2026-03-27 14:33:26,157 - TrainerLogger - INFO - Training completed. Final model saved to /mnt/d/VSC_Progs/G_Intel_4/image_classification_project/models/final_model.keras
2026-03-27 14:33:26,159 - TrainerLogger - INFO - Generating training history plots...
2026-03-27 14:33:26,361 - TrainerLogger - INFO - Evaluation complete.
2026-03-27 14:33:26,362 - TrainerLogger - INFO - Segmentation training finished successfully.
2026-03-27 14:34:49,105 - TrainerLogger - INFO - 🔄 Количество эпох переопределено -> 100
2026-03-27 14:34:49,105 - TrainerLogger - INFO - 🚀 РЕЖИМ ОБУЧЕНИЯ: 🔥 FINE-TUNING (Энкодер разморожен)
2026-03-27 14:34:49,220 - TrainerLogger - INFO - ✅ Успех: Memory Growth включен для 1 GPU.
2026-03-27 14:34:49,220 - TrainerLogger - INFO - ⚡ Успех: Mixed Precision включен.
2026-03-27 14:34:49,220 - TrainerLogger - INFO - Scanning for unique classes in JSON files...
2026-03-27 14:34:52,229 - TrainerLogger - INFO - Classes found (12): ['Background', 'BS_CL_es', 'BS_CL_intermediate', 'Obstacle_CL_ground', 'Obstacle_CL_ground1', 'Obstacle_CL_rail', 'Obstacle_CL_road', 'Obstacle_CL_water', 'Other_CL_sky', 'Superstructure_CL_cons', 'Superstructure_CL_cons_under', 'Superstructure_CL_road']
2026-03-27 14:34:52,230 - TrainerLogger - INFO - Class mapping saved to /mnt/d/VSC_Progs/G_Intel_4/image_classification_project/artifacts/label_map.json
2026-03-27 14:34:57,568 - TrainerLogger - INFO - ==================================================
2026-03-27 14:34:57,568 - TrainerLogger - INFO - 📂 ДАННЫЕ ДЛЯ ОБУЧЕНИЯ (TRAIN): 2752 файлов
2026-03-27 14:34:57,568 - TrainerLogger - INFO - 📂 ДАННЫЕ ДЛЯ ВАЛИДАЦИИ (VAL):  27 файлов
2026-03-27 14:34:57,568 - TrainerLogger - INFO - ==================================================
2026-03-27 14:34:58,287 - TrainerLogger - INFO - 🚀 Building U-Net with MobileNetV2. Encoder Trainable: True
2026-03-27 14:34:59,117 - TrainerLogger - INFO - 🐢 Используется низкий LR (1e-5) для Fine-Tuning
2026-03-27 14:34:59,125 - TrainerLogger - INFO - 🔄 НАЙДЕНА МОДЕЛЬ! Загружаем веса из /mnt/d/VSC_Progs/G_Intel_4/image_classification_project/models/final_model.keras...
2026-03-27 14:35:08,818 - TrainerLogger - INFO - ✅ Веса успешно загружены. Продолжаем обучение!
2026-03-27 14:35:08,818 - TrainerLogger - INFO - Starting U-Net training process...
2026-03-27 14:35:08,819 - TrainerLogger - INFO - 📈 LossDecompositionCallback успешно добавлен в очередь.
2026-03-27 14:51:31,451 - TrainerLogger - INFO - Training completed. Final model saved to /mnt/d/VSC_Progs/G_Intel_4/image_classification_project/models/final_model.keras
2026-03-27 14:51:31,453 - TrainerLogger - INFO - Generating training history plots...
2026-03-27 14:51:31,606 - TrainerLogger - INFO - Evaluation complete.
2026-03-27 14:51:31,606 - TrainerLogger - INFO - Segmentation training finished successfully.
2026-04-02 16:51:17,678 - TrainerLogger - INFO - 📄 Используются эпохи из конфига -> 30
2026-04-02 16:51:17,694 - TrainerLogger - INFO - 🚀 РЕЖИМ ОБУЧЕНИЯ: ❄️ WARM-UP (Энкодер заморожен)
2026-04-02 16:51:17,699 - TrainerLogger - WARNING - ⚠️ GPU не найден, обучение будет идти на CPU.
2026-04-02 16:51:17,700 - TrainerLogger - INFO - ⚡ Успех: Mixed Precision включен.
2026-04-02 16:51:17,700 - TrainerLogger - INFO - Scanning for unique classes in JSON files...
2026-04-02 16:51:23,120 - TrainerLogger - INFO - Classes found (12): ['Background', 'BS_CL_es', 'BS_CL_intermediate', 'Obstacle_CL_ground', 'Obstacle_CL_ground1', 'Obstacle_CL_rail', 'Obstacle_CL_road', 'Obstacle_CL_water', 'Other_CL_sky', 'Superstructure_CL_cons', 'Superstructure_CL_cons_under', 'Superstructure_CL_road']
2026-04-02 16:51:23,123 - TrainerLogger - INFO - Class mapping saved to F:\Программы\G_Intel_4\artifacts\label_map.json
2026-04-02 16:51:23,287 - TrainerLogger - INFO - ==================================================
2026-04-02 16:51:23,288 - TrainerLogger - INFO - 📂 ДАННЫЕ ДЛЯ ОБУЧЕНИЯ (TRAIN): 2752 файлов
2026-04-02 16:51:23,288 - TrainerLogger - INFO - 📂 ДАННЫЕ ДЛЯ ВАЛИДАЦИИ (VAL):  27 файлов
2026-04-02 16:51:23,288 - TrainerLogger - INFO - ==================================================
2026-04-02 16:51:23,521 - TrainerLogger - INFO - 🚀 Building U-Net with MobileNetV2. Encoder Trainable: False
2026-04-02 16:51:39,210 - TrainerLogger - INFO - ⚡ Используется высокий LR (1e-3) для Warm-Up
2026-04-02 16:51:39,220 - TrainerLogger - INFO - 🔄 НАЙДЕНА МОДЕЛЬ! Загружаем веса из F:\Программы\G_Intel_4\models\final_model.keras...
2026-04-02 16:51:40,225 - TrainerLogger - ERROR - Fatal error during training: 'LossScaleOptimizerV3' object has no attribute 'name'
Traceback (most recent call last):
  File "F:\Программы\G_Intel_4\train.py", line 77, in main
    model.load_weights(str(final_model_path))
  File "F:\Программы\G_Intel_4\.venv\lib\site-packages\keras\src\utils\traceback_utils.py", line 70, in error_handler
    raise e.with_traceback(filtered_tb) from None
  File "F:\Программы\G_Intel_4\.venv\lib\site-packages\keras\src\optimizers\optimizer.py", line 820, in load_own_variables
    f"Skipping variable loading for optimizer '{self.name}', "
AttributeError: 'LossScaleOptimizerV3' object has no attribute 'name'
2026-04-02 18:04:23,108 - TrainerLogger - INFO - 📄 Используются эпохи из конфига -> 30
2026-04-02 18:04:23,108 - TrainerLogger - INFO - 🚀 РЕЖИМ ОБУЧЕНИЯ: ❄️ WARM-UP (Энкодер заморожен)
2026-04-02 18:04:23,383 - TrainerLogger - INFO - ✅ Успех: Memory Growth включен для 1 GPU.
2026-04-02 18:04:23,383 - TrainerLogger - INFO - ⚡ Успех: Mixed Precision включен.
2026-04-02 18:04:23,384 - TrainerLogger - INFO - Scanning for unique classes in JSON files...
2026-04-02 18:04:26,528 - TrainerLogger - INFO - Classes found (12): ['Background', 'BS_CL_es', 'BS_CL_intermediate', 'Obstacle_CL_ground', 'Obstacle_CL_ground1', 'Obstacle_CL_rail', 'Obstacle_CL_road', 'Obstacle_CL_water', 'Other_CL_sky', 'Superstructure_CL_cons', 'Superstructure_CL_cons_under', 'Superstructure_CL_road']
2026-04-02 18:04:26,536 - TrainerLogger - INFO - Class mapping saved to /mnt/f/Programms/G_Intel_4/artifacts/label_map.json
2026-04-02 18:04:32,350 - TrainerLogger - INFO - ==================================================
2026-04-02 18:04:32,350 - TrainerLogger - INFO - 📂 ДАННЫЕ ДЛЯ ОБУЧЕНИЯ (TRAIN): 2752 файлов
2026-04-02 18:04:32,350 - TrainerLogger - INFO - 📂 ДАННЫЕ ДЛЯ ВАЛИДАЦИИ (VAL):  27 файлов
2026-04-02 18:04:32,351 - TrainerLogger - INFO - ==================================================
2026-04-02 18:04:33,331 - TrainerLogger - INFO - 🚀 Building U-Net with MobileNetV2. Encoder Trainable: False
2026-04-02 18:04:34,284 - TrainerLogger - INFO - ⚡ Используется высокий LR (1e-3) для Warm-Up
2026-04-02 18:04:34,292 - TrainerLogger - INFO - 🔄 НАЙДЕНА МОДЕЛЬ! Загружаем веса из /mnt/f/Programms/G_Intel_4/models/final_model.keras...
2026-04-02 18:04:41,103 - TrainerLogger - INFO - ✅ Веса успешно загружены. Продолжаем обучение!
2026-04-02 18:04:41,103 - TrainerLogger - INFO - Starting U-Net training process...
2026-04-02 18:04:41,104 - TrainerLogger - INFO - 📈 LossDecompositionCallback успешно добавлен в очередь.
2026-04-02 18:28:14,417 - TrainerLogger - INFO - Training completed. Final model saved to /mnt/f/Programms/G_Intel_4/models/final_model.keras
2026-04-02 18:28:14,419 - TrainerLogger - INFO - Generating training history plots...
2026-04-02 18:28:14,771 - TrainerLogger - INFO - Evaluation complete.
2026-04-02 18:28:14,771 - TrainerLogger - INFO - Segmentation training finished successfully.
2026-04-15 09:24:56,880 - TrainerLogger - INFO - 📄 Используются эпохи из конфига -> 30
2026-04-15 09:24:56,881 - TrainerLogger - INFO - 🚀 РЕЖИМ ОБУЧЕНИЯ: ❄️ WARM-UP (Энкодер заморожен)
2026-04-15 09:24:57,215 - TrainerLogger - INFO - ✅ Успех: Memory Growth включен для 1 GPU.
2026-04-15 09:24:57,215 - TrainerLogger - INFO - ⚡ Успех: Mixed Precision включен.
2026-04-15 09:24:57,215 - TrainerLogger - INFO - Scanning for unique classes in JSON files...
2026-04-15 09:25:09,780 - TrainerLogger - INFO - Classes found (12): ['Background', 'BS_CL_es', 'BS_CL_intermediate', 'Obstacle_CL_ground', 'Obstacle_CL_ground1', 'Obstacle_CL_rail', 'Obstacle_CL_road', 'Obstacle_CL_water', 'Other_CL_sky', 'Superstructure_CL_cons', 'Superstructure_CL_cons_under', 'Superstructure_CL_road']
2026-04-15 09:25:09,790 - TrainerLogger - INFO - Class mapping saved to /mnt/f/Programms/G_Intel_4/artifacts/label_map.json
2026-04-15 09:25:15,808 - TrainerLogger - INFO - ==================================================
2026-04-15 09:25:15,808 - TrainerLogger - INFO - 📂 ДАННЫЕ ДЛЯ ОБУЧЕНИЯ (TRAIN): 2752 файлов
2026-04-15 09:25:15,809 - TrainerLogger - INFO - 📂 ДАННЫЕ ДЛЯ ВАЛИДАЦИИ (VAL):  27 файлов
2026-04-15 09:25:15,809 - TrainerLogger - INFO - ==================================================
2026-04-15 09:25:16,744 - TrainerLogger - INFO - 🚀 Building U-Net with MobileNetV2. Encoder Trainable: False
2026-04-15 09:25:17,724 - TrainerLogger - INFO - ⚡ Используется высокий LR (1e-3) для Warm-Up
2026-04-15 09:25:17,733 - TrainerLogger - INFO - 🔄 НАЙДЕНА МОДЕЛЬ! Загружаем веса из /mnt/f/Programms/G_Intel_4/models/final_model.keras...
2026-04-15 09:25:22,087 - TrainerLogger - INFO - ✅ Веса успешно загружены. Продолжаем обучение!
2026-04-15 09:25:22,088 - TrainerLogger - INFO - Starting U-Net training process...
2026-04-15 09:25:22,088 - TrainerLogger - INFO - 📈 LossDecompositionCallback успешно добавлен в очередь.
2026-04-15 09:43:59,952 - TrainerLogger - INFO - Training completed. Final model saved to /mnt/f/Programms/G_Intel_4/models/final_model.keras
2026-04-15 09:43:59,957 - TrainerLogger - INFO - Generating training history plots...
2026-04-15 09:44:00,197 - TrainerLogger - INFO - Evaluation complete.
2026-04-15 09:44:00,197 - TrainerLogger - INFO - Segmentation training finished successfully.
2026-04-20 16:17:22,787 - PredictorLogger - ERROR - Please provide either --image or --folder.
